선거명,선거ID,사전투표구분,시도명,구시군명,선거인수,사전투표자수,사전투표율(%),정렬순서,결과순서
제21대 국회의원선거,20200415,전체,합계,합계,43994247,11742677,26.69,1,1
제21대 국회의원선거,20200415,전체,서울특별시,합계,8477244,2313380,27.29,2,2
제21대 국회의원선거,20200415,전체,서울특별시,종로구,134989,46651,34.56,3,3
제21대 국회의원선거,20200415,전체,서울특별시,중구,184215,52003,28.23,4,4
제21대 국회의원선거,20200415,전체,서울특별시,용산구,203883,58260,28.58,5,5
제21대 국회의원선거,20200415,전체,서울특별시,성동구,192476,55482,28.83,6,6
제21대 국회의원선거,20200415,전체,서울특별시,광진구,309447,86246,27.87,7,7
제21대 국회의원선거,20200415,전체,서울특별시,동대문구,306360,78089,25.49,8,8
제21대 국회의원선거,20200415,전체,서울특별시,중랑구,351154,89324,25.44,9,9
제21대 국회의원선거,20200415,전체,서울특별시,성북구,383561,106558,27.78,10,10
제21대 국회의원선거,20200415,전체,서울특별시,강북구,278910,69971,25.09,11,11
제21대 국회의원선거,20200415,전체,서울특별시,도봉구,291516,75659,25.95,12,12
제21대 국회의원선거,20200415,전체,서울특별시,노원구,454498,119082,26.2,13,13
제21대 국회의원선거,20200415,전체,서울특별시,은평구,417548,114958,27.53,14,14
제21대 국회의원선거,20200415,전체,서울특별시,서대문구,273810,77325,28.24,15,15
제21대 국회의원선거,20200415,전체,서울특별시,마포구,326383,92214,28.25,16,16
제21대 국회의원선거,20200415,전체,서울특별시,양천구,383555,108062,28.17,17,17
제21대 국회의원선거,20200415,전체,서울특별시,강서구,511590,137389,26.86,18,18
제21대 국회의원선거,20200415,전체,서울특별시,구로구,352717,92979,26.36,19,19
제21대 국회의원선거,20200415,전체,서울특별시,금천구,207896,52145,25.08,20,20
제21대 국회의원선거,20200415,전체,서울특별시,영등포구,327879,92236,28.13,21,21
제21대 국회의원선거,20200415,전체,서울특별시,동작구,347864,102670,29.51,22,22
제21대 국회의원선거,20200415,전체,서울특별시,관악구,453444,124048,27.36,23,23
제21대 국회의원선거,20200415,전체,서울특별시,서초구,359735,101030,28.08,24,24
제21대 국회의원선거,20200415,전체,서울특별시,강남구,460663,116364,25.26,25,25
제21대 국회의원선거,20200415,전체,서울특별시,송파구,575879,160042,27.79,26,26
제21대 국회의원선거,20200415,전체,서울특별시,강동구,387272,104593,27.01,27,27
제21대 국회의원선거,20200415,전체,부산광역시,합계,2958290,754828,25.52,28,28
제21대 국회의원선거,20200415,전체,부산광역시,중구,38820,10420,26.84,29,29
제21대 국회의원선거,20200415,전체,부산광역시,서구,96647,26968,27.9,30,30
제21대 국회의원선거,20200415,전체,부산광역시,동구,81083,22219,27.4,31,31
제21대 국회의원선거,20200415,전체,부산광역시,영도구,104604,29188,27.9,32,32
제21대 국회의원선거,20200415,전체,부산광역시,부산진구,315641,82625,26.18,33,33
제21대 국회의원선거,20200415,전체,부산광역시,동래구,232715,57956,24.9,34,34
제21대 국회의원선거,20200415,전체,부산광역시,남구,235386,65361,27.77,35,35
제21대 국회의원선거,20200415,전체,부산광역시,북구,141901,38079,26.83,36,36
제21대 국회의원선거,20200415,전체,부산광역시,해운대구,346011,88198,25.49,37,37
제21대 국회의원선거,20200415,전체,부산광역시,기장군,134361,27077,20.15,38,38
제21대 국회의원선거,20200415,전체,부산광역시,사하구,277550,65190,23.49,39,39
제21대 국회의원선거,20200415,전체,부산광역시,금정구,210199,56887,27.06,40,40
제21대 국회의원선거,20200415,전체,부산광역시,강서구,212177,47695,22.48,41,41
제21대 국회의원선거,20200415,전체,부산광역시,연제구,182231,47213,25.91,42,42
제21대 국회의원선거,20200415,전체,부산광역시,수영구,157257,40059,25.47,43,43
제21대 국회의원선거,20200415,전체,부산광역시,사상구,191707,49693,25.92,44,44
제21대 국회의원선거,20200415,전체,대구광역시,합계,2071120,488048,23.56,45,45
제21대 국회의원선거,20200415,전체,대구광역시,중구,67871,19215,28.31,46,46
제21대 국회의원선거,20200415,전체,대구광역시,동구,296622,67824,22.87,47,47
제21대 국회의원선거,20200415,전체,대구광역시,서구,157422,36685,23.3,48,48
제21대 국회의원선거,20200415,전체,대구광역시,남구,133393,32280,24.2,49,49
제21대 국회의원선거,20200415,전체,대구광역시,북구,368272,84528,22.95,50,50
제21대 국회의원선거,20200415,전체,대구광역시,수성구,357259,103908,29.08,51,51
제21대 국회의원선거,20200415,전체,대구광역시,달서구,482044,102883,21.34,52,52
제21대 국회의원선거,20200415,전체,대구광역시,달성군,208237,40725,19.56,53,53
제21대 국회의원선거,20200415,전체,인천광역시,합계,2500690,618402,24.73,54,54
제21대 국회의원선거,20200415,전체,인천광역시,중구,115298,29389,25.49,55,55
제21대 국회의원선거,20200415,전체,인천광역시,동구,55805,16418,29.42,56,56
제21대 국회의원선거,20200415,전체,인천광역시,미추홀구,353732,85211,24.09,57,57
제21대 국회의원선거,20200415,전체,인천광역시,연수구,301621,78634,26.07,58,58
제21대 국회의원선거,20200415,전체,인천광역시,남동구,447941,107222,23.94,59,59
제21대 국회의원선거,20200415,전체,인천광역시,부평구,437547,104715,23.93,60,60
제21대 국회의원선거,20200415,전체,인천광역시,계양구,260758,63401,24.31,61,61
제21대 국회의원선거,20200415,전체,인천광역시,서구,447354,107093,23.94,62,62
제21대 국회의원선거,20200415,전체,인천광역시,강화군,62049,19518,31.46,63,63
제21대 국회의원선거,20200415,전체,인천광역시,옹진군,18585,6801,36.59,64,64
제21대 국회의원선거,20200415,전체,광주광역시,합계,1208263,388802,32.18,65,65
제21대 국회의원선거,20200415,전체,광주광역시,동구,128775,46634,36.21,66,66
제21대 국회의원선거,20200415,전체,광주광역시,서구,252768,83436,33.01,67,67
제21대 국회의원선거,20200415,전체,광주광역시,남구,139781,46365,33.17,68,68
제21대 국회의원선거,20200415,전체,광주광역시,북구,364886,122020,33.44,69,69
제21대 국회의원선거,20200415,전체,광주광역시,광산구,322053,90347,28.05,70,70
제21대 국회의원선거,20200415,전체,대전광역시,합계,1237183,333218,26.93,71,71
제21대 국회의원선거,20200415,전체,대전광역시,동구,193956,52168,26.9,72,72
제21대 국회의원선거,20200415,전체,대전광역시,중구,206028,55162,26.77,73,73
제21대 국회의원선거,20200415,전체,대전광역시,서구,402186,105650,26.27,74,74
제21대 국회의원선거,20200415,전체,대전광역시,유성구,283617,81564,28.76,75,75
제21대 국회의원선거,20200415,전체,대전광역시,대덕구,151396,38674,25.54,76,76
제21대 국회의원선거,20200415,전체,울산광역시,합계,953648,247631,25.97,77,77
제21대 국회의원선거,20200415,전체,울산광역시,중구,188434,49529,26.28,78,78
제21대 국회의원선거,20200415,전체,울산광역시,남구,274935,69765,25.38,79,79
제21대 국회의원선거,20200415,전체,울산광역시,동구,130371,35609,27.31,80,80
제21대 국회의원선거,20200415,전체,울산광역시,북구,173657,42679,24.58,81,81
제21대 국회의원선거,20200415,전체,울산광역시,울주군,186251,50049,26.87,82,82
제21대 국회의원선거,20200415,전체,세종특별자치시,합계,263388,85258,32.37,83,83
제21대 국회의원선거,20200415,전체,세종특별자치시,세종특별자치시,263388,85258,32.37,84,84
제21대 국회의원선거,20200415,전체,경기도,합계,11067819,2643140,23.88,85,85
제21대 국회의원선거,20200415,전체,경기도,수원시장안구,197970,48763,24.63,86,86
제21대 국회의원선거,20200415,전체,경기도,수원시권선구,443167,104048,23.48,87,87
제21대 국회의원선거,20200415,전체,경기도,수원시팔달구,154726,38214,24.7,88,88
제21대 국회의원선거,20200415,전체,경기도,수원시영통구,201747,53514,26.53,89,89
제21대 국회의원선거,20200415,전체,경기도,성남시수정구,205402,56146,27.33,90,90
제21대 국회의원선거,20200415,전체,경기도,성남시중원구,192371,52944,27.52,91,91
제21대 국회의원선거,20200415,전체,경기도,성남시분당구,403868,113867,28.19,92,92
제21대 국회의원선거,20200415,전체,경기도,의정부시,385807,85815,22.24,93,93
제21대 국회의원선거,20200415,전체,경기도,안양시만안구,211031,59246,28.07,94,94
제21대 국회의원선거,20200415,전체,경기도,안양시동안구,268133,78565,29.3,95,95
제21대 국회의원선거,20200415,전체,경기도,부천시,711112,140157,19.71,96,96
제21대 국회의원선거,20200415,전체,경기도,광명시,265859,69364,26.09,97,97
제21대 국회의원선거,20200415,전체,경기도,평택시,428834,89629,20.9,98,98
제21대 국회의원선거,20200415,전체,경기도,양주시,184883,45772,24.76,99,99
제21대 국회의원선거,20200415,전체,경기도,동두천시,80735,21371,26.47,100,100
제21대 국회의원선거,20200415,전체,경기도,안산시상록구,296663,65021,21.92,101,101
제21대 국회의원선거,20200415,전체,경기도,안산시단원구,260169,56276,21.63,102,102
제21대 국회의원선거,20200415,전체,경기도,고양시덕양구,445180,110509,24.82,103,103
제21대 국회의원선거,20200415,전체,경기도,고양시일산동구,224976,54823,24.37,104,104
제21대 국회의원선거,20200415,전체,경기도,고양시일산서구,235651,54518,23.14,105,105
제21대 국회의원선거,20200415,전체,경기도,과천시,48991,16631,33.95,106,106
제21대 국회의원선거,20200415,전체,경기도,의왕시,139778,37230,26.64,107,107
제21대 국회의원선거,20200415,전체,경기도,구리시,168786,39391,23.34,108,108
제21대 국회의원선거,20200415,전체,경기도,남양주시,577163,120183,20.82,109,109
제21대 국회의원선거,20200415,전체,경기도,오산시,182516,36267,19.87,110,110
제21대 국회의원선거,20200415,전체,경기도,화성시,643535,152190,23.65,111,111
제21대 국회의원선거,20200415,전체,경기도,시흥시,391908,81859,20.89,112,112
제21대 국회의원선거,20200415,전체,경기도,군포시,232807,57741,24.8,113,113
제21대 국회의원선거,20200415,전체,경기도,하남시,227914,60292,26.45,114,114
제21대 국회의원선거,20200415,전체,경기도,파주시,371239,78555,21.16,115,115
제21대 국회의원선거,20200415,전체,경기도,여주시,95808,24541,25.61,116,116
제21대 국회의원선거,20200415,전체,경기도,이천시,179068,46293,25.85,117,117
제21대 국회의원선거,20200415,전체,경기도,용인시처인구,212925,50278,23.61,118,118
제21대 국회의원선거,20200415,전체,경기도,용인시수지구,225496,60125,26.66,119,119
제21대 국회의원선거,20200415,전체,경기도,용인시기흥구,426532,108925,25.54,120,120
제21대 국회의원선거,20200415,전체,경기도,안성시,155086,41625,26.84,121,121
제21대 국회의원선거,20200415,전체,경기도,김포시,353223,78973,22.36,122,122
제21대 국회의원선거,20200415,전체,경기도,광주시,312618,67853,21.7,123,123
제21대 국회의원선거,20200415,전체,경기도,포천시,128937,29773,23.09,124,124
제21대 국회의원선거,20200415,전체,경기도,연천군,38304,10735,28.03,125,125
제21대 국회의원선거,20200415,전체,경기도,양평군,101784,30977,30.43,126,126
제21대 국회의원선거,20200415,전체,경기도,가평군,55117,14141,25.66,127,127
제21대 국회의원선거,20200415,전체,강원도,합계,1323766,380555,28.75,128,128
제21대 국회의원선거,20200415,전체,강원도,춘천시,238639,69431,29.09,129,129
제21대 국회의원선거,20200415,전체,강원도,원주시,294206,80799,27.46,130,130
제21대 국회의원선거,20200415,전체,강원도,강릉시,184434,54330,29.46,131,131
제21대 국회의원선거,20200415,전체,강원도,동해시,76559,21289,27.81,132,132
제21대 국회의원선거,20200415,전체,강원도,삼척시,58290,18130,31.1,133,133
제21대 국회의원선거,20200415,전체,강원도,태백시,37733,11443,30.33,134,134
제21대 국회의원선거,20200415,전체,강원도,정선군,33238,9632,28.98,135,135
제21대 국회의원선거,20200415,전체,강원도,속초시,70042,18579,26.53,136,136
제21대 국회의원선거,20200415,전체,강원도,고성군,24512,6797,27.73,137,137
제21대 국회의원선거,20200415,전체,강원도,양양군,24919,7131,28.62,138,138
제21대 국회의원선거,20200415,전체,강원도,인제군,27141,8102,29.85,139,139
제21대 국회의원선거,20200415,전체,강원도,홍천군,60632,16670,27.49,140,140
제21대 국회의원선거,20200415,전체,강원도,횡성군,41400,13654,32.98,141,141
제21대 국회의원선거,20200415,전체,강원도,영월군,35124,10620,30.24,142,142
제21대 국회의원선거,20200415,전체,강원도,평창군,37601,11483,30.54,143,143
제21대 국회의원선거,20200415,전체,강원도,화천군,21433,7302,34.07,144,144
제21대 국회의원선거,20200415,전체,강원도,양구군,18967,5644,29.76,145,145
제21대 국회의원선거,20200415,전체,강원도,철원군,38896,9519,24.47,146,146
제21대 국회의원선거,20200415,전체,충청북도,합계,1354046,361636,26.71,147,147
제21대 국회의원선거,20200415,전체,충청북도,청주시상당구,151222,38063,25.17,148,148
제21대 국회의원선거,20200415,전체,충청북도,청주시서원구,169443,43772,25.83,149,149
제21대 국회의원선거,20200415,전체,충청북도,청주시흥덕구,218253,50633,23.2,150,150
제21대 국회의원선거,20200415,전체,충청북도,청주시청원구,158223,32056,20.26,151,151
제21대 국회의원선거,20200415,전체,충청북도,충주시,180698,51278,28.38,152,152
제21대 국회의원선거,20200415,전체,충청북도,제천시,115665,34285,29.64,153,153
제21대 국회의원선거,20200415,전체,충청북도,단양군,26703,8548,32.01,154,154
제21대 국회의원선거,20200415,전체,충청북도,영동군,43191,15367,35.58,155,155
제21대 국회의원선거,20200415,전체,충청북도,보은군,29600,10797,36.48,156,156
제21대 국회의원선거,20200415,전체,충청북도,옥천군,45106,14537,32.23,157,157
제21대 국회의원선거,20200415,전체,충청북도,음성군,82245,22914,27.86,158,158
제21대 국회의원선거,20200415,전체,충청북도,진천군,67453,18485,27.4,159,159
제21대 국회의원선거,20200415,전체,충청북도,괴산군,35097,12280,34.99,160,160
제21대 국회의원선거,20200415,전체,충청북도,증평군,31147,8621,27.68,161,161
제21대 국회의원선거,20200415,전체,충청남도,합계,1781956,451016,25.31,162,162
제21대 국회의원선거,20200415,전체,충청남도,천안시서북구,221795,44301,19.97,163,163
제21대 국회의원선거,20200415,전체,충청남도,천안시동남구,315234,65037,20.63,164,164
제21대 국회의원선거,20200415,전체,충청남도,공주시,93377,28876,30.92,165,165
제21대 국회의원선거,20200415,전체,충청남도,보령시,87941,29225,33.23,166,166
제21대 국회의원선거,20200415,전체,충청남도,아산시,252074,56295,22.33,167,167
제21대 국회의원선거,20200415,전체,충청남도,서산시,145241,39835,27.43,168,168
제21대 국회의원선거,20200415,전체,충청남도,태안군,55660,17579,31.58,169,169
제21대 국회의원선거,20200415,전체,충청남도,금산군,45714,11747,25.7,170,170
제21대 국회의원선거,20200415,전체,충청남도,논산시,102942,26441,25.69,171,171
제21대 국회의원선거,20200415,전체,충청남도,계룡시,33583,12419,36.98,172,172
제21대 국회의원선거,20200415,전체,충청남도,당진시,137649,31502,22.89,173,173
제21대 국회의원선거,20200415,전체,충청남도,부여군,59625,18893,31.69,174,174
제21대 국회의원선거,20200415,전체,충청남도,서천군,47374,16021,33.82,175,175
제21대 국회의원선거,20200415,전체,충청남도,홍성군,84600,23058,27.26,176,176
제21대 국회의원선거,20200415,전체,충청남도,청양군,28464,9696,34.06,177,177
제21대 국회의원선거,20200415,전체,충청남도,예산군,70683,20091,28.42,178,178
제21대 국회의원선거,20200415,전체,전라북도,합계,1542579,536011,34.75,179,179
제21대 국회의원선거,20200415,전체,전라북도,전주시완산구,311835,96664,31.0,180,180
제21대 국회의원선거,20200415,전체,전라북도,전주시덕진구,232276,75235,32.39,181,181
제21대 국회의원선거,20200415,전체,전라북도,군산시,225673,76666,33.97,182,182
제21대 국회의원선거,20200415,전체,전라북도,익산시,243532,80748,33.16,183,183
제21대 국회의원선거,20200415,전체,전라북도,정읍시,95647,33400,34.92,184,184
제21대 국회의원선거,20200415,전체,전라북도,남원시,70361,33286,47.31,185,185
제21대 국회의원선거,20200415,전체,전라북도,김제시,74099,26411,35.64,186,186
제21대 국회의원선거,20200415,전체,전라북도,완주군,78130,28956,37.06,187,187
제21대 국회의원선거,20200415,전체,전라북도,진안군,23032,10815,46.96,188,188
제21대 국회의원선거,20200415,전체,전라북도,무주군,21531,8822,40.97,189,189
제21대 국회의원선거,20200415,전체,전라북도,장수군,19798,8555,43.21,190,190
제21대 국회의원선거,20200415,전체,전라북도,임실군,25340,10732,42.35,191,191
제21대 국회의원선거,20200415,전체,전라북도,순창군,24851,11364,45.73,192,192
제21대 국회의원선거,20200415,전체,전라북도,고창군,49151,17683,35.98,193,193
제21대 국회의원선거,20200415,전체,전라북도,부안군,47323,16674,35.23,194,194
제21대 국회의원선거,20200415,전체,전라남도,합계,1592850,569697,35.77,195,195
제21대 국회의원선거,20200415,전체,전라남도,목포시,189655,73003,38.49,196,196
제21대 국회의원선거,20200415,전체,전라남도,여수시,239468,71277,29.76,197,197
제21대 국회의원선거,20200415,전체,전라남도,순천시,192923,67472,34.97,198,198
제21대 국회의원선거,20200415,전체,전라남도,나주시,96947,35262,36.37,199,199
제21대 국회의원선거,20200415,전체,전라남도,광양시,166435,51223,30.78,200,200
제21대 국회의원선거,20200415,전체,전라남도,담양군,41681,17855,42.84,201,201
제21대 국회의원선거,20200415,전체,전라남도,장성군,39903,16240,40.7,202,202
제21대 국회의원선거,20200415,전체,전라남도,곡성군,25933,11137,42.95,203,203
제21대 국회의원선거,20200415,전체,전라남도,구례군,23350,9289,39.78,204,204
제21대 국회의원선거,20200415,전체,전라남도,고흥군,58923,26490,44.96,205,205
제21대 국회의원선거,20200415,전체,전라남도,보성군,37404,15262,40.8,206,206
제21대 국회의원선거,20200415,전체,전라남도,화순군,54504,18389,33.74,207,207
제21대 국회의원선거,20200415,전체,전라남도,장흥군,34142,15360,44.99,208,208
제21대 국회의원선거,20200415,전체,전라남도,강진군,31339,13657,43.58,209,209
제21대 국회의원선거,20200415,전체,전라남도,완도군,44329,15562,35.11,210,210
제21대 국회의원선거,20200415,전체,전라남도,해남군,61526,20828,33.85,211,211
제21대 국회의원선거,20200415,전체,전라남도,진도군,27107,9162,33.8,212,212
제21대 국회의원선거,20200415,전체,전라남도,영암군,47028,16195,34.44,213,213
제21대 국회의원선거,20200415,전체,전라남도,무안군,67320,23613,35.08,214,214
제21대 국회의원선거,20200415,전체,전라남도,영광군,46581,15978,34.3,215,215
제21대 국회의원선거,20200415,전체,전라남도,함평군,29602,13776,46.54,216,216
제21대 국회의원선거,20200415,전체,전라남도,신안군,36750,12667,34.47,217,217
제21대 국회의원선거,20200415,전체,경상북도,합계,2282938,655257,28.7,218,218
제21대 국회의원선거,20200415,전체,경상북도,포항시북구,229821,54811,23.85,219,219
제21대 국회의원선거,20200415,전체,경상북도,포항시남구,198080,45634,23.04,220,220
제21대 국회의원선거,20200415,전체,경상북도,울릉군,8610,2851,33.11,221,221
제21대 국회의원선거,20200415,전체,경상북도,경주시,221727,69657,31.42,222,222
제21대 국회의원선거,20200415,전체,경상북도,김천시,120897,43537,36.01,223,223
제21대 국회의원선거,20200415,전체,경상북도,안동시,137734,43779,31.79,224,224
제21대 국회의원선거,20200415,전체,경상북도,구미시,340237,79169,23.27,225,225
제21대 국회의원선거,20200415,전체,경상북도,영주시,91188,28722,31.5,226,226
제21대 국회의원선거,20200415,전체,경상북도,영천시,90759,27101,29.86,227,227
제21대 국회의원선거,20200415,전체,경상북도,상주시,87788,30543,34.79,228,228
제21대 국회의원선거,20200415,전체,경상북도,문경시,63178,23106,36.57,229,229
제21대 국회의원선거,20200415,전체,경상북도,예천군,47346,16746,35.37,230,230
제21대 국회의원선거,20200415,전체,경상북도,경산시,224495,49224,21.93,231,231
제21대 국회의원선거,20200415,전체,경상북도,청도군,39467,13241,33.55,232,232
제21대 국회의원선거,20200415,전체,경상북도,고령군,28998,8138,28.06,233,233
제21대 국회의원선거,20200415,전체,경상북도,성주군,40027,13387,33.44,234,234
제21대 국회의원선거,20200415,전체,경상북도,칠곡군,96914,21877,22.57,235,235
제21대 국회의원선거,20200415,전체,경상북도,군위군,22264,10064,45.2,236,236
제21대 국회의원선거,20200415,전체,경상북도,의성군,48844,23109,47.31,237,237
제21대 국회의원선거,20200415,전체,경상북도,청송군,23442,7591,32.38,238,238
제21대 국회의원선거,20200415,전체,경상북도,영양군,15393,5906,38.37,239,239
제21대 국회의원선거,20200415,전체,경상북도,영덕군,33604,11572,34.44,240,240
제21대 국회의원선거,20200415,전체,경상북도,봉화군,29008,10219,35.23,241,241
제21대 국회의원선거,20200415,전체,경상북도,울진군,43117,15273,35.42,242,242
제21대 국회의원선거,20200415,전체,경상남도,합계,2823511,778976,27.59,243,243
제21대 국회의원선거,20200415,전체,경상남도,창원시의창구,221981,52654,23.72,244,244
제21대 국회의원선거,20200415,전체,경상남도,창원시성산구,182901,47403,25.92,245,245
제21대 국회의원선거,20200415,전체,경상남도,창원시마산합포구,152591,42022,27.54,246,246
제21대 국회의원선거,20200415,전체,경상남도,창원시마산회원구,165002,42532,25.78,247,247
제21대 국회의원선거,20200415,전체,경상남도,창원시진해구,155783,43911,28.19,248,248
제21대 국회의원선거,20200415,전체,경상남도,진주시,290959,84990,29.21,249,249
제21대 국회의원선거,20200415,전체,경상남도,통영시,109810,31560,28.74,250,250
제21대 국회의원선거,20200415,전체,경상남도,고성군,46075,14299,31.03,251,251
제21대 국회의원선거,20200415,전체,경상남도,사천시,94968,29260,30.81,252,252
제21대 국회의원선거,20200415,전체,경상남도,김해시,443230,108919,24.57,253,253
제21대 국회의원선거,20200415,전체,경상남도,밀양시,93495,26990,28.87,254,254
제21대 국회의원선거,20200415,전체,경상남도,거제시,197402,53027,26.86,255,255
제21대 국회의원선거,20200415,전체,경상남도,의령군,24946,8417,33.74,256,256
제21대 국회의원선거,20200415,전체,경상남도,함안군,56111,15702,27.98,257,257
제21대 국회의원선거,20200415,전체,경상남도,창녕군,55334,19266,34.82,258,258
제21대 국회의원선거,20200415,전체,경상남도,양산시,289027,64504,22.32,259,259
제21대 국회의원선거,20200415,전체,경상남도,하동군,41739,18018,43.17,260,260
제21대 국회의원선거,20200415,전체,경상남도,남해군,39540,14324,36.23,261,261
제21대 국회의원선거,20200415,전체,경상남도,함양군,35263,13502,38.29,262,262
제21대 국회의원선거,20200415,전체,경상남도,산청군,32209,12384,38.45,263,263
제21대 국회의원선거,20200415,전체,경상남도,거창군,53770,19869,36.95,264,264
제21대 국회의원선거,20200415,전체,경상남도,합천군,41375,15423,37.28,265,265
제21대 국회의원선거,20200415,전체,제주특별자치도,합계,554956,136822,24.65,266,266
제21대 국회의원선거,20200415,전체,제주특별자치도,제주시,401789,96157,23.93,267,267
제21대 국회의원선거,20200415,전체,제주특별자치도,서귀포시,153167,40665,26.55,268,268
제20대 대통령선거,20220309,전체,합계,합계,44197692,16323602,36.93,1,1
제20대 대통령선거,20220309,전체,서울특별시,합계,8346647,3107455,37.23,2,2
제20대 대통령선거,20220309,전체,서울특별시,종로구,129968,52826,40.65,3,3
제20대 대통령선거,20220309,전체,서울특별시,중구,111448,42333,37.98,4,4
제20대 대통령선거,20220309,전체,서울특별시,용산구,199077,75643,38.0,5,5
제20대 대통령선거,20220309,전체,서울특별시,성동구,252087,94340,37.42,6,6
제20대 대통령선거,20220309,전체,서울특별시,광진구,303582,114848,37.83,7,7
제20대 대통령선거,20220309,전체,서울특별시,동대문구,300928,106413,35.36,8,8
제20대 대통령선거,20220309,전체,서울특별시,중랑구,347108,125964,36.29,9,9
제20대 대통령선거,20220309,전체,서울특별시,성북구,375880,146155,38.88,10,10
제20대 대통령선거,20220309,전체,서울특별시,강북구,268974,98977,36.8,11,11
제20대 대통령선거,20220309,전체,서울특별시,도봉구,281812,99729,35.39,12,12
제20대 대통령선거,20220309,전체,서울특별시,노원구,441879,160732,36.37,13,13
제20대 대통령선거,20220309,전체,서울특별시,은평구,417391,158187,37.9,14,14
제20대 대통령선거,20220309,전체,서울특별시,서대문구,269615,102291,37.94,15,15
제20대 대통령선거,20220309,전체,서울특별시,마포구,324091,122436,37.78,16,16
제20대 대통령선거,20220309,전체,서울특별시,양천구,378710,144338,38.11,17,17
제20대 대통령선거,20220309,전체,서울특별시,강서구,504185,183336,36.36,18,18
제20대 대통령선거,20220309,전체,서울특별시,구로구,348156,125678,36.1,19,19
제20대 대통령선거,20220309,전체,서울특별시,금천구,208786,72893,34.91,20,20
제20대 대통령선거,20220309,전체,서울특별시,영등포구,334361,123861,37.04,21,21
제20대 대통령선거,20220309,전체,서울특별시,동작구,342248,139045,40.63,22,22
제20대 대통령선거,20220309,전체,서울특별시,관악구,446161,171483,38.44,23,23
제20대 대통령선거,20220309,전체,서울특별시,서초구,344756,125529,36.41,24,24
제20대 대통령선거,20220309,전체,서울특별시,강남구,451970,155091,34.31,25,25
제20대 대통령선거,20220309,전체,서울특별시,송파구,565840,216073,38.19,26,26
제20대 대통령선거,20220309,전체,서울특별시,강동구,397634,149254,37.54,27,27
제20대 대통령선거,20220309,전체,부산광역시,합계,2921510,1000499,34.25,28,28
제20대 대통령선거,20220309,전체,부산광역시,중구,38032,14040,36.92,29,29
제20대 대통령선거,20220309,전체,부산광역시,서구,94117,34925,37.11,30,30
제20대 대통령선거,20220309,전체,부산광역시,동구,80399,30737,38.23,31,31
제20대 대통령선거,20220309,전체,부산광역시,영도구,100073,36557,36.53,32,32
제20대 대통령선거,20220309,전체,부산광역시,부산진구,313739,107671,34.32,33,33
제20대 대통령선거,20220309,전체,부산광역시,동래구,232079,80529,34.7,34,34
제20대 대통령선거,20220309,전체,부산광역시,남구,227098,79917,35.19,35,35
제20대 대통령선거,20220309,전체,부산광역시,북구,246904,79886,32.36,36,36
제20대 대통령선거,20220309,전체,부산광역시,해운대구,339847,118696,34.93,37,37
제20대 대통령선거,20220309,전체,부산광역시,기장군,144027,41145,28.57,38,38
제20대 대통령선거,20220309,전체,부산광역시,사하구,268754,86590,32.22,39,39
제20대 대통령선거,20220309,전체,부산광역시,금정구,201647,74864,37.13,40,40
제20대 대통령선거,20220309,전체,부산광역시,강서구,112330,36121,32.16,41,41
제20대 대통령선거,20220309,전체,부산광역시,연제구,180732,61589,34.08,42,42
제20대 대통령선거,20220309,전체,부산광역시,수영구,156367,57134,36.54,43,43
제20대 대통령선거,20220309,전체,부산광역시,사상구,185365,60098,32.42,44,44
제20대 대통령선거,20220309,전체,대구광역시,합계,2046714,694117,33.91,45,45
제20대 대통령선거,20220309,전체,대구광역시,중구,65964,24680,37.41,46,46
제20대 대통령선거,20220309,전체,대구광역시,동구,297312,103618,34.85,47,47
제20대 대통령선거,20220309,전체,대구광역시,서구,149729,52985,35.39,48,48
제20대 대통령선거,20220309,전체,대구광역시,남구,129711,43995,33.92,49,49
제20대 대통령선거,20220309,전체,대구광역시,북구,373173,125534,33.64,50,50
제20대 대통령선거,20220309,전체,대구광역시,수성구,349945,132298,37.81,51,51
제20대 대통령선거,20220309,전체,대구광역시,달서구,466792,148701,31.86,52,52
제20대 대통령선거,20220309,전체,대구광역시,달성군,214088,62306,29.1,53,53
제20대 대통령선거,20220309,전체,인천광역시,합계,2519225,858688,34.09,54,54
제20대 대통령선거,20220309,전체,인천광역시,중구,121916,42246,34.65,55,55
제20대 대통령선거,20220309,전체,인천광역시,동구,53909,20497,38.02,56,56
제20대 대통령선거,20220309,전체,인천광역시,미추홀구,356862,116229,32.57,57,57
제20대 대통령선거,20220309,전체,인천광역시,연수구,317609,112714,35.49,58,58
제20대 대통령선거,20220309,전체,인천광역시,남동구,441525,147560,33.42,59,59
제20대 대통령선거,20220309,전체,인천광역시,부평구,424164,141458,33.35,60,60
제20대 대통령선거,20220309,전체,인천광역시,계양구,258741,86364,33.38,61,61
제20대 대통령선거,20220309,전체,인천광역시,서구,462821,156339,33.78,62,62
제20대 대통령선거,20220309,전체,인천광역시,강화군,63019,26144,41.49,63,63
제20대 대통령선거,20220309,전체,인천광역시,옹진군,18659,9137,48.97,64,64
제20대 대통령선거,20220309,전체,광주광역시,합계,1209206,583717,48.27,65,65
제20대 대통령선거,20220309,전체,광주광역시,동구,90678,47038,51.87,66,66
제20대 대통령선거,20220309,전체,광주광역시,서구,248147,121003,48.76,67,67
제20대 대통령선거,20220309,전체,광주광역시,남구,180643,91005,50.38,68,68
제20대 대통령선거,20220309,전체,광주광역시,북구,363088,179486,49.43,69,69
제20대 대통령선거,20220309,전체,광주광역시,광산구,326650,145185,44.45,70,70
제20대 대통령선거,20220309,전체,대전광역시,합계,1233177,450851,36.56,71,71
제20대 대통령선거,20220309,전체,대전광역시,동구,192350,69752,36.26,72,72
제20대 대통령선거,20220309,전체,대전광역시,중구,199637,70945,35.54,73,73
제20대 대통령선거,20220309,전체,대전광역시,서구,399599,144300,36.11,74,74
제20대 대통령선거,20220309,전체,대전광역시,유성구,288686,112979,39.14,75,75
제20대 대통령선거,20220309,전체,대전광역시,대덕구,152905,52875,34.58,76,76
제20대 대통령선거,20220309,전체,울산광역시,합계,942210,332600,35.3,77,77
제20대 대통령선거,20220309,전체,울산광역시,중구,182051,66252,36.39,78,78
제20대 대통령선거,20220309,전체,울산광역시,남구,268213,93880,35.0,79,79
제20대 대통령선거,20220309,전체,울산광역시,동구,127599,44378,34.78,80,80
제20대 대통령선거,20220309,전체,울산광역시,북구,175732,59001,33.57,81,81
제20대 대통령선거,20220309,전체,울산광역시,울주군,188615,69089,36.63,82,82
제20대 대통령선거,20220309,전체,세종특별자치시,합계,288895,127444,44.11,83,83
제20대 대통령선거,20220309,전체,세종특별자치시,세종특별자치시,288895,127444,44.11,84,84
제20대 대통령선거,20220309,전체,경기도,합계,11433288,3847821,33.65,85,85
제20대 대통령선거,20220309,전체,경기도,수원시장안구,234723,79275,33.77,86,86
제20대 대통령선거,20220309,전체,경기도,수원시권선구,311536,98711,31.69,87,87
제20대 대통령선거,20220309,전체,경기도,수원시팔달구,161747,54785,33.87,88,88
제20대 대통령선거,20220309,전체,경기도,수원시영통구,295828,103289,34.92,89,89
제20대 대통령선거,20220309,전체,경기도,성남시수정구,207998,81255,39.07,90,90
제20대 대통령선거,20220309,전체,경기도,성남시중원구,186278,69133,37.11,91,91
제20대 대통령선거,20220309,전체,경기도,성남시분당구,404493,145757,36.03,92,92
제20대 대통령선거,20220309,전체,경기도,의정부시,398960,126158,31.62,93,93
제20대 대통령선거,20220309,전체,경기도,안양시만안구,209083,78736,37.66,94,94
제20대 대통령선거,20220309,전체,경기도,안양시동안구,262895,101282,38.53,95,95
제20대 대통령선거,20220309,전체,경기도,부천시,699678,243267,34.77,96,96
제20대 대통령선거,20220309,전체,경기도,광명시,247357,90880,36.74,97,97
제20대 대통령선거,20220309,전체,경기도,평택시,472732,141396,29.91,98,98
제20대 대통령선거,20220309,전체,경기도,양주시,197345,64573,32.72,99,99
제20대 대통령선거,20220309,전체,경기도,동두천시,81075,27853,34.35,100,100
제20대 대통령선거,20220309,전체,경기도,안산시상록구,303413,92779,30.58,101,101
제20대 대통령선거,20220309,전체,경기도,안산시단원구,260659,79832,30.63,102,102
제20대 대통령선거,20220309,전체,경기도,고양시덕양구,414210,147754,35.67,103,103
제20대 대통령선거,20220309,전체,경기도,고양시일산동구,256654,85382,33.27,104,104
제20대 대통령선거,20220309,전체,경기도,고양시일산서구,251203,83846,33.38,105,105
제20대 대통령선거,20220309,전체,경기도,과천시,63841,27156,42.54,106,106
제20대 대통령선거,20220309,전체,경기도,의왕시,139712,50737,36.32,107,107
제20대 대통령선거,20220309,전체,경기도,구리시,164281,53847,32.78,108,108
제20대 대통령선거,20220309,전체,경기도,남양주시,608146,184725,30.38,109,109
제20대 대통령선거,20220309,전체,경기도,오산시,188297,50477,26.81,110,110
제20대 대통령선거,20220309,전체,경기도,화성시,703896,236418,33.59,111,111
제20대 대통령선거,20220309,전체,경기도,시흥시,424723,130648,30.76,112,112
제20대 대통령선거,20220309,전체,경기도,군포시,229884,77214,33.59,113,113
제20대 대통령선거,20220309,전체,경기도,하남시,265087,98081,37.0,114,114
제20대 대통령선거,20220309,전체,경기도,파주시,401260,118878,29.63,115,115
제20대 대통령선거,20220309,전체,경기도,여주시,98077,36696,37.42,116,116
제20대 대통령선거,20220309,전체,경기도,이천시,187895,67436,35.89,117,117
제20대 대통령선거,20220309,전체,경기도,용인시처인구,220689,71735,32.51,118,118
제20대 대통령선거,20220309,전체,경기도,용인시수지구,304545,111350,36.56,119,119
제20대 대통령선거,20220309,전체,경기도,용인시기흥구,361753,127214,35.17,120,120
제20대 대통령선거,20220309,전체,경기도,안성시,162452,56346,34.68,121,121
제20대 대통령선거,20220309,전체,경기도,김포시,391889,119177,30.41,122,122
제20대 대통령선거,20220309,전체,경기도,광주시,327252,107646,32.89,123,123
제20대 대통령선거,20220309,전체,경기도,포천시,131901,46363,35.15,124,124
제20대 대통령선거,20220309,전체,경기도,연천군,37817,13776,36.43,125,125
제20대 대통령선거,20220309,전체,경기도,양평군,106406,44542,41.86,126,126
제20대 대통령선거,20220309,전체,경기도,가평군,55618,21416,38.51,127,127
제20대 대통령선거,20220309,전체,강원도,합계,1333621,512416,38.42,128,128
제20대 대통령선거,20220309,전체,강원도,춘천시,243403,88230,36.25,129,129
제20대 대통령선거,20220309,전체,강원도,원주시,302881,111865,36.93,130,130
제20대 대통령선거,20220309,전체,강원도,강릉시,185823,70905,38.16,131,131
제20대 대통령선거,20220309,전체,강원도,동해시,77147,27955,36.24,132,132
제20대 대통령선거,20220309,전체,강원도,삼척시,56233,23274,41.39,133,133
제20대 대통령선거,20220309,전체,강원도,태백시,35551,15388,43.28,134,134
제20대 대통령선거,20220309,전체,강원도,정선군,32101,13785,42.94,135,135
제20대 대통령선거,20220309,전체,강원도,속초시,71571,26460,36.97,136,136
제20대 대통령선거,20220309,전체,강원도,고성군,24668,9321,37.79,137,137
제20대 대통령선거,20220309,전체,강원도,양양군,25257,10222,40.47,138,138
제20대 대통령선거,20220309,전체,강원도,인제군,27897,11925,42.75,139,139
제20대 대통령선거,20220309,전체,강원도,홍천군,60872,24273,39.88,140,140
제20대 대통령선거,20220309,전체,강원도,횡성군,41685,18547,44.49,141,141
제20대 대통령선거,20220309,전체,강원도,영월군,34306,14325,41.76,142,142
제20대 대통령선거,20220309,전체,강원도,평창군,37325,16484,44.16,143,143
제20대 대통령선거,20220309,전체,강원도,화천군,21088,9140,43.34,144,144
제20대 대통령선거,20220309,전체,강원도,양구군,18565,7647,41.19,145,145
제20대 대통령선거,20220309,전체,강원도,철원군,37248,12670,34.02,146,146
제20대 대통령선거,20220309,전체,충청북도,합계,1365033,493605,36.16,147,147
제20대 대통령선거,20220309,전체,충청북도,청주시상당구,162949,55442,34.02,148,148
제20대 대통령선거,20220309,전체,충청북도,청주시서원구,165206,56865,34.42,149,149
제20대 대통령선거,20220309,전체,충청북도,청주시흥덕구,223335,70031,31.36,150,150
제20대 대통령선거,20220309,전체,충청북도,청주시청원구,159671,47588,29.8,151,151
제20대 대통령선거,20220309,전체,충청북도,충주시,180976,69389,38.34,152,152
제20대 대통령선거,20220309,전체,충청북도,제천시,114317,44462,38.89,153,153
제20대 대통령선거,20220309,전체,충청북도,단양군,25748,11010,42.76,154,154
제20대 대통령선거,20220309,전체,충청북도,영동군,41165,18818,45.71,155,155
제20대 대통령선거,20220309,전체,충청북도,보은군,28971,14039,48.46,156,156
제20대 대통령선거,20220309,전체,충청북도,옥천군,44671,19072,42.69,157,157
제20대 대통령선거,20220309,전체,충청북도,음성군,80946,31616,39.06,158,158
제20대 대통령선거,20220309,전체,충청북도,진천군,71306,26651,37.38,159,159
제20대 대통령선거,20220309,전체,충청북도,괴산군,34819,16646,47.81,160,160
제20대 대통령선거,20220309,전체,충청북도,증평군,30953,11976,38.69,161,161
제20대 대통령선거,20220309,전체,충청남도,합계,1796474,623054,34.68,162,162
제20대 대통령선거,20220309,전체,충청남도,천안시서북구,329610,95634,29.01,163,163
제20대 대통령선거,20220309,전체,충청남도,천안시동남구,216193,66682,30.84,164,164
제20대 대통령선거,20220309,전체,충청남도,공주시,91684,36717,40.05,165,165
제20대 대통령선거,20220309,전체,충청남도,보령시,86253,34678,40.2,166,166
제20대 대통령선거,20220309,전체,충청남도,아산시,265136,82038,30.94,167,167
제20대 대통령선거,20220309,전체,충청남도,서산시,148201,55250,37.28,168,168
제20대 대통령선거,20220309,전체,충청남도,태안군,55320,23251,42.03,169,169
제20대 대통령선거,20220309,전체,충청남도,금산군,44799,16801,37.5,170,170
제20대 대통령선거,20220309,전체,충청남도,논산시,100285,35357,35.26,171,171
제20대 대통령선거,20220309,전체,충청남도,계룡시,34745,16041,46.17,172,172
제20대 대통령선거,20220309,전체,충청남도,당진시,139481,50434,36.16,173,173
제20대 대통령선거,20220309,전체,충청남도,부여군,57573,22988,39.93,174,174
제20대 대통령선거,20220309,전체,충청남도,서천군,45997,19436,42.25,175,175
제20대 대통령선거,20220309,전체,충청남도,홍성군,84379,30774,36.47,176,176
제20대 대통령선거,20220309,전체,충청남도,청양군,27754,12024,43.32,177,177
제20대 대통령선거,20220309,전체,충청남도,예산군,69064,24949,36.12,178,178
제20대 대통령선거,20220309,전체,전라북도,합계,1533125,745566,48.63,179,179
제20대 대통령선거,20220309,전체,전라북도,전주시완산구,285828,129673,45.37,180,180
제20대 대통령선거,20220309,전체,전라북도,전주시덕진구,265049,120819,45.58,181,181
제20대 대통령선거,20220309,전체,전라북도,군산시,225149,102149,45.37,182,182
제20대 대통령선거,20220309,전체,전라북도,익산시,239340,112815,47.14,183,183
제20대 대통령선거,20220309,전체,전라북도,정읍시,93594,48931,52.28,184,184
제20대 대통령선거,20220309,전체,전라북도,남원시,69190,39123,56.54,185,185
제20대 대통령선거,20220309,전체,전라북도,김제시,72285,37730,52.2,186,186
제20대 대통령선거,20220309,전체,전라북도,완주군,78117,39588,50.68,187,187
제20대 대통령선거,20220309,전체,전라북도,진안군,22568,13463,59.66,188,188
제20대 대통령선거,20220309,전체,전라북도,무주군,21244,11476,54.02,189,189
제20대 대통령선거,20220309,전체,전라북도,장수군,19371,11405,58.88,190,190
제20대 대통령선거,20220309,전체,전라북도,임실군,24186,14153,58.52,191,191
제20대 대통령선거,20220309,전체,전라북도,순창군,23847,13638,57.19,192,192
제20대 대통령선거,20220309,전체,전라북도,고창군,47655,25480,53.47,193,193
제20대 대통령선거,20220309,전체,전라북도,부안군,45702,25123,54.97,194,194
제20대 대통령선거,20220309,전체,전라남도,합계,1581278,813530,51.45,195,195
제20대 대통령선거,20220309,전체,전라남도,목포시,183659,95280,51.88,196,196
제20대 대통령선거,20220309,전체,전라남도,여수시,237455,109994,46.32,197,197
제20대 대통령선거,20220309,전체,전라남도,순천시,235327,110062,46.77,198,198
제20대 대통령선거,20220309,전체,전라남도,나주시,99117,54530,55.02,199,199
제20대 대통령선거,20220309,전체,전라남도,광양시,126644,56135,44.33,200,200
제20대 대통령선거,20220309,전체,전라남도,담양군,41698,24173,57.97,201,201
제20대 대통령선거,20220309,전체,전라남도,장성군,38486,23287,60.51,202,202
제20대 대통령선거,20220309,전체,전라남도,곡성군,25143,14925,59.36,203,203
제20대 대통령선거,20220309,전체,전라남도,구례군,22770,12810,56.26,204,204
제20대 대통령선거,20220309,전체,전라남도,고흥군,57414,31611,55.06,205,205
제20대 대통령선거,20220309,전체,전라남도,보성군,35850,19299,53.83,206,206
제20대 대통령선거,20220309,전체,전라남도,화순군,55122,28396,51.51,207,207
제20대 대통령선거,20220309,전체,전라남도,장흥군,32712,18831,57.57,208,208
제20대 대통령선거,20220309,전체,전라남도,강진군,30272,17363,57.36,209,209
제20대 대통령선거,20220309,전체,전라남도,완도군,42767,23301,54.48,210,210
제20대 대통령선거,20220309,전체,전라남도,해남군,59631,32697,54.83,211,211
제20대 대통령선거,20220309,전체,전라남도,진도군,26802,13725,51.21,212,212
제20대 대통령선거,20220309,전체,전라남도,영암군,46507,25339,54.48,213,213
제20대 대통령선거,20220309,전체,전라남도,무안군,75012,39975,53.29,214,214
제20대 대통령선거,20220309,전체,전라남도,영광군,45280,24069,53.16,215,215
제20대 대통령선거,20220309,전체,전라남도,함평군,28435,16052,56.45,216,216
제20대 대통령선거,20220309,전체,전라남도,신안군,35175,21676,61.62,217,217
제20대 대통령선거,20220309,전체,경상북도,합계,2273028,932498,41.02,218,218
제20대 대통령선거,20220309,전체,경상북도,포항시북구,232070,87511,37.71,219,219
제20대 대통령선거,20220309,전체,경상북도,포항시남구,197466,74874,37.92,220,220
제20대 대통령선거,20220309,전체,경상북도,울릉군,8141,4208,51.69,221,221
제20대 대통령선거,20220309,전체,경상북도,경주시,220573,97716,44.3,222,222
제20대 대통령선거,20220309,전체,경상북도,김천시,120746,56340,46.66,223,223
제20대 대통령선거,20220309,전체,경상북도,안동시,136307,58149,42.66,224,224
제20대 대통령선거,20220309,전체,경상북도,구미시,338810,114631,33.83,225,225
제20대 대통령선거,20220309,전체,경상북도,영주시,89380,40395,45.19,226,226
제20대 대통령선거,20220309,전체,경상북도,영천시,91044,36703,40.31,227,227
제20대 대통령선거,20220309,전체,경상북도,상주시,85100,41608,48.89,228,228
제20대 대통령선거,20220309,전체,경상북도,문경시,63035,30528,48.43,229,229
제20대 대통령선거,20220309,전체,경상북도,예천군,47677,24514,51.42,230,230
제20대 대통령선거,20220309,전체,경상북도,경산시,230797,77230,33.46,231,231
제20대 대통령선거,20220309,전체,경상북도,청도군,38816,16331,42.07,232,232
제20대 대통령선거,20220309,전체,경상북도,고령군,27955,12454,44.55,233,233
제20대 대통령선거,20220309,전체,경상북도,성주군,39491,20109,50.92,234,234
제20대 대통령선거,20220309,전체,경상북도,칠곡군,96181,33967,35.32,235,235
제20대 대통령선거,20220309,전체,경상북도,군위군,21784,11290,51.83,236,236
제20대 대통령선거,20220309,전체,경상북도,의성군,47369,26488,55.92,237,237
제20대 대통령선거,20220309,전체,경상북도,청송군,22793,11123,48.8,238,238
제20대 대통령선거,20220309,전체,경상북도,영양군,14932,8079,54.11,239,239
제20대 대통령선거,20220309,전체,경상북도,영덕군,32227,16378,50.82,240,240
제20대 대통령선거,20220309,전체,경상북도,봉화군,28052,13573,48.39,241,241
제20대 대통령선거,20220309,전체,경상북도,울진군,42282,18299,43.28,242,242
제20대 대통령선거,20220309,전체,경상남도,합계,2809907,1009115,35.91,243,243
제20대 대통령선거,20220309,전체,경상남도,창원시의창구,185646,60019,32.33,244,244
제20대 대통령선거,20220309,전체,경상남도,창원시성산구,213187,71615,33.59,245,245
제20대 대통령선거,20220309,전체,경상남도,창원시마산합포구,156984,58069,36.99,246,246
제20대 대통령선거,20220309,전체,경상남도,창원시마산회원구,160587,54422,33.89,247,247
제20대 대통령선거,20220309,전체,경상남도,창원시진해구,159611,55163,34.56,248,248
제20대 대통령선거,20220309,전체,경상남도,진주시,292842,113367,38.71,249,249
제20대 대통령선거,20220309,전체,경상남도,통영시,106361,38217,35.93,250,250
제20대 대통령선거,20220309,전체,경상남도,고성군,45053,18110,40.2,251,251
제20대 대통령선거,20220309,전체,경상남도,사천시,94303,38139,40.44,252,252
제20대 대통령선거,20220309,전체,경상남도,김해시,444342,142859,32.15,253,253
제20대 대통령선거,20220309,전체,경상남도,밀양시,92517,36275,39.21,254,254
제20대 대통령선거,20220309,전체,경상남도,거제시,194074,71937,37.07,255,255
제20대 대통령선거,20220309,전체,경상남도,의령군,24419,10926,44.74,256,256
제20대 대통령선거,20220309,전체,경상남도,함안군,54570,20636,37.82,257,257
제20대 대통령선거,20220309,전체,경상남도,창녕군,54037,22332,41.33,258,258
제20대 대통령선거,20220309,전체,경상남도,양산시,294133,87310,29.68,259,259
제20대 대통령선거,20220309,전체,경상남도,하동군,39640,20992,52.96,260,260
제20대 대통령선거,20220309,전체,경상남도,남해군,38680,17299,44.72,261,261
제20대 대통령선거,20220309,전체,경상남도,함양군,34459,16125,46.79,262,262
제20대 대통령선거,20220309,전체,경상남도,산청군,31645,14664,46.34,263,263
제20대 대통령선거,20220309,전체,경상남도,거창군,53049,22592,42.59,264,264
제20대 대통령선거,20220309,전체,경상남도,합천군,39768,18047,45.38,265,265
제20대 대통령선거,20220309,전체,제주특별자치도,합계,564354,190626,33.78,266,266
제20대 대통령선거,20220309,전체,제주특별자치도,제주시,408552,134921,33.02,267,267
제20대 대통령선거,20220309,전체,제주특별자치도,서귀포시,155802,55705,35.75,268,268
제8회 전국동시지방선거,20220601,전체,합계,합계,44303449,9133522,20.62,1,1
제8회 전국동시지방선거,20220601,전체,서울특별시,합계,8378339,1776365,21.2,2,2
제8회 전국동시지방선거,20220601,전체,서울특별시,종로구,129816,31020,23.9,3,3
제8회 전국동시지방선거,20220601,전체,서울특별시,중구,112039,25151,22.45,4,4
제8회 전국동시지방선거,20220601,전체,서울특별시,용산구,199061,43180,21.69,5,5
제8회 전국동시지방선거,20220601,전체,서울특별시,성동구,251990,55933,22.2,6,6
제8회 전국동시지방선거,20220601,전체,서울특별시,광진구,305462,63343,20.74,7,7
제8회 전국동시지방선거,20220601,전체,서울특별시,동대문구,302024,59578,19.73,8,8
제8회 전국동시지방선거,20220601,전체,서울특별시,중랑구,348762,75168,21.55,9,9
제8회 전국동시지방선거,20220601,전체,서울특별시,성북구,379123,83464,22.02,10,10
제8회 전국동시지방선거,20220601,전체,서울특별시,강북구,268130,56574,21.1,11,11
제8회 전국동시지방선거,20220601,전체,서울특별시,도봉구,280913,60027,21.37,12,12
제8회 전국동시지방선거,20220601,전체,서울특별시,노원구,441748,93767,21.23,13,13
제8회 전국동시지방선거,20220601,전체,서울특별시,은평구,418387,93311,22.3,14,14
제8회 전국동시지방선거,20220601,전체,서울특별시,서대문구,271718,59095,21.75,15,15
제8회 전국동시지방선거,20220601,전체,서울특별시,마포구,324528,68881,21.22,16,16
제8회 전국동시지방선거,20220601,전체,서울특별시,양천구,378444,81936,21.65,17,17
제8회 전국동시지방선거,20220601,전체,서울특별시,강서구,504606,103109,20.43,18,18
제8회 전국동시지방선거,20220601,전체,서울특별시,구로구,353697,72836,20.59,19,19
제8회 전국동시지방선거,20220601,전체,서울특별시,금천구,212879,43463,20.42,20,20
제8회 전국동시지방선거,20220601,전체,서울특별시,영등포구,340017,70285,20.67,21,21
제8회 전국동시지방선거,20220601,전체,서울특별시,동작구,344280,79810,23.18,22,22
제8회 전국동시지방선거,20220601,전체,서울특별시,관악구,450180,96058,21.34,23,23
제8회 전국동시지방선거,20220601,전체,서울특별시,서초구,342589,68822,20.09,24,24
제8회 전국동시지방선거,20220601,전체,서울특별시,강남구,450895,83866,18.6,25,25
제8회 전국동시지방선거,20220601,전체,서울특별시,송파구,569507,121933,21.41,26,26
제8회 전국동시지방선거,20220601,전체,서울특별시,강동구,397544,85755,21.57,27,27
제8회 전국동시지방선거,20220601,전체,부산광역시,합계,2916832,542288,18.59,28,28
제8회 전국동시지방선거,20220601,전체,부산광역시,중구,38236,8328,21.78,29,29
제8회 전국동시지방선거,20220601,전체,부산광역시,서구,93426,19911,21.31,30,30
제8회 전국동시지방선거,20220601,전체,부산광역시,동구,80869,18627,23.03,31,31
제8회 전국동시지방선거,20220601,전체,부산광역시,영도구,99395,22335,22.47,32,32
제8회 전국동시지방선거,20220601,전체,부산광역시,부산진구,313025,57515,18.37,33,33
제8회 전국동시지방선거,20220601,전체,부산광역시,동래구,234034,42700,18.25,34,34
제8회 전국동시지방선거,20220601,전체,부산광역시,남구,227019,46049,20.28,35,35
제8회 전국동시지방선거,20220601,전체,부산광역시,북구,245787,43827,17.83,36,36
제8회 전국동시지방선거,20220601,전체,부산광역시,해운대구,337958,60629,17.94,37,37
제8회 전국동시지방선거,20220601,전체,부산광역시,기장군,143871,20975,14.58,38,38
제8회 전국동시지방선거,20220601,전체,부산광역시,사하구,268863,47156,17.54,39,39
제8회 전국동시지방선거,20220601,전체,부산광역시,금정구,200445,42731,21.32,40,40
제8회 전국동시지방선거,20220601,전체,부산광역시,강서구,112859,17070,15.13,41,41
제8회 전국동시지방선거,20220601,전체,부산광역시,연제구,180173,32430,18.0,42,42
제8회 전국동시지방선거,20220601,전체,부산광역시,수영구,156247,30023,19.22,43,43
제8회 전국동시지방선거,20220601,전체,부산광역시,사상구,184625,31982,17.32,44,44
제8회 전국동시지방선거,20220601,전체,대구광역시,합계,2044579,302504,14.8,45,45
제8회 전국동시지방선거,20220601,전체,대구광역시,중구,68825,11251,16.35,46,46
제8회 전국동시지방선거,20220601,전체,대구광역시,동구,297073,45521,15.32,47,47
제8회 전국동시지방선거,20220601,전체,대구광역시,서구,148238,25720,17.35,48,48
제8회 전국동시지방선거,20220601,전체,대구광역시,남구,129053,19717,15.28,49,49
제8회 전국동시지방선거,20220601,전체,대구광역시,북구,373423,54834,14.68,50,50
제8회 전국동시지방선거,20220601,전체,대구광역시,수성구,349048,57433,16.45,51,51
제8회 전국동시지방선거,20220601,전체,대구광역시,달서구,464339,60974,13.13,52,52
제8회 전국동시지방선거,20220601,전체,대구광역시,달성군,214580,27054,12.61,53,53
제8회 전국동시지방선거,20220601,전체,인천광역시,합계,2534338,508933,20.08,54,54
제8회 전국동시지방선거,20220601,전체,인천광역시,중구,124974,23944,19.16,55,55
제8회 전국동시지방선거,20220601,전체,인천광역시,동구,52728,13505,25.61,56,56
제8회 전국동시지방선거,20220601,전체,인천광역시,미추홀구,358612,68063,18.98,57,57
제8회 전국동시지방선거,20220601,전체,인천광역시,연수구,317883,64400,20.26,58,58
제8회 전국동시지방선거,20220601,전체,인천광역시,남동구,441226,83884,19.01,59,59
제8회 전국동시지방선거,20220601,전체,인천광역시,부평구,426463,81856,19.19,60,60
제8회 전국동시지방선거,20220601,전체,인천광역시,계양구,258156,58503,22.66,61,61
제8회 전국동시지방선거,20220601,전체,인천광역시,서구,472254,88439,18.73,62,62
제8회 전국동시지방선거,20220601,전체,인천광역시,강화군,63147,19360,30.66,63,63
제8회 전국동시지방선거,20220601,전체,인천광역시,옹진군,18895,6979,36.94,64,64
제8회 전국동시지방선거,20220601,전체,광주광역시,합계,1206886,208569,17.28,65,65
제8회 전국동시지방선거,20220601,전체,광주광역시,동구,90255,18685,20.7,66,66
제8회 전국동시지방선거,20220601,전체,광주광역시,서구,246841,45447,18.41,67,67
제8회 전국동시지방선거,20220601,전체,광주광역시,남구,180158,33839,18.78,68,68
제8회 전국동시지방선거,20220601,전체,광주광역시,북구,363222,66280,18.25,69,69
제8회 전국동시지방선거,20220601,전체,광주광역시,광산구,326410,44318,13.58,70,70
제8회 전국동시지방선거,20220601,전체,대전광역시,합계,1233557,243550,19.74,71,71
제8회 전국동시지방선거,20220601,전체,대전광역시,동구,191882,39982,20.84,72,72
제8회 전국동시지방선거,20220601,전체,대전광역시,중구,199894,39836,19.93,73,73
제8회 전국동시지방선거,20220601,전체,대전광역시,서구,399035,76471,19.16,74,74
제8회 전국동시지방선거,20220601,전체,대전광역시,유성구,289980,57952,19.98,75,75
제8회 전국동시지방선거,20220601,전체,대전광역시,대덕구,152766,29309,19.19,76,76
제8회 전국동시지방선거,20220601,전체,울산광역시,합계,941189,184958,19.65,77,77
제8회 전국동시지방선거,20220601,전체,울산광역시,중구,181055,37040,20.46,78,78
제8회 전국동시지방선거,20220601,전체,울산광역시,남구,267930,48538,18.12,79,79
제8회 전국동시지방선거,20220601,전체,울산광역시,동구,127369,28628,22.48,80,80
제8회 전국동시지방선거,20220601,전체,울산광역시,북구,175784,32123,18.27,81,81
제8회 전국동시지방선거,20220601,전체,울산광역시,울주군,189051,38629,20.43,82,82
제8회 전국동시지방선거,20220601,전체,세종특별자치시,합계,292259,65440,22.39,83,83
제8회 전국동시지방선거,20220601,전체,세종특별자치시,세종특별자치시,292259,65440,22.39,84,84
제8회 전국동시지방선거,20220601,전체,경기도,합계,11497206,2190942,19.06,85,85
제8회 전국동시지방선거,20220601,전체,경기도,수원시장안구,199204,39714,19.94,86,86
제8회 전국동시지방선거,20220601,전체,경기도,수원시권선구,352407,62193,17.65,87,87
제8회 전국동시지방선거,20220601,전체,경기도,수원시팔달구,164086,30840,18.8,88,88
제8회 전국동시지방선거,20220601,전체,경기도,수원시영통구,296856,58021,19.55,89,89
제8회 전국동시지방선거,20220601,전체,경기도,성남시수정구,208907,46990,22.49,90,90
제8회 전국동시지방선거,20220601,전체,경기도,성남시중원구,185468,40455,21.81,91,91
제8회 전국동시지방선거,20220601,전체,경기도,성남시분당구,404133,88853,21.99,92,92
제8회 전국동시지방선거,20220601,전체,경기도,의정부시,400177,71754,17.93,93,93
제8회 전국동시지방선거,20220601,전체,경기도,안양시만안구,208936,45727,21.89,94,94
제8회 전국동시지방선거,20220601,전체,경기도,안양시동안구,265101,61066,23.03,95,95
제8회 전국동시지방선거,20220601,전체,경기도,부천시,702974,135220,19.24,96,96
제8회 전국동시지방선거,20220601,전체,경기도,광명시,247233,55858,22.59,97,97
제8회 전국동시지방선거,20220601,전체,경기도,평택시,478356,75970,15.88,98,98
제8회 전국동시지방선거,20220601,전체,경기도,양주시,197751,36881,18.65,99,99
제8회 전국동시지방선거,20220601,전체,경기도,동두천시,81074,18227,22.48,100,100
제8회 전국동시지방선거,20220601,전체,경기도,안산시상록구,305390,49929,16.35,101,101
제8회 전국동시지방선거,20220601,전체,경기도,안산시단원구,266229,43281,16.26,102,102
제8회 전국동시지방선거,20220601,전체,경기도,고양시덕양구,461775,90579,19.62,103,103
제8회 전국동시지방선거,20220601,전체,경기도,고양시일산동구,229024,42741,18.66,104,104
제8회 전국동시지방선거,20220601,전체,경기도,고양시일산서구,233891,44439,19.0,105,105
제8회 전국동시지방선거,20220601,전체,경기도,과천시,65220,16938,25.97,106,106
제8회 전국동시지방선거,20220601,전체,경기도,의왕시,138928,30207,21.74,107,107
제8회 전국동시지방선거,20220601,전체,경기도,구리시,164045,31322,19.09,108,108
제8회 전국동시지방선거,20220601,전체,경기도,남양주시,610260,101343,16.61,109,109
제8회 전국동시지방선거,20220601,전체,경기도,오산시,190375,28509,14.98,110,110
제8회 전국동시지방선거,20220601,전체,경기도,화성시,711229,126932,17.85,111,111
제8회 전국동시지방선거,20220601,전체,경기도,시흥시,431352,70946,16.45,112,112
제8회 전국동시지방선거,20220601,전체,경기도,군포시,231192,46693,20.2,113,113
제8회 전국동시지방선거,20220601,전체,경기도,하남시,266856,57287,21.47,114,114
제8회 전국동시지방선거,20220601,전체,경기도,파주시,403729,62455,15.47,115,115
제8회 전국동시지방선거,20220601,전체,경기도,여주시,98333,22260,22.64,116,116
제8회 전국동시지방선거,20220601,전체,경기도,이천시,188563,37607,19.94,117,117
제8회 전국동시지방선거,20220601,전체,경기도,용인시처인구,222743,40233,18.06,118,118
제8회 전국동시지방선거,20220601,전체,경기도,용인시수지구,231983,49094,21.16,119,119
제8회 전국동시지방선거,20220601,전체,경기도,용인시기흥구,434819,89835,20.66,120,120
제8회 전국동시지방선거,20220601,전체,경기도,안성시,163518,35955,21.99,121,121
제8회 전국동시지방선거,20220601,전체,경기도,김포시,392604,66458,16.93,122,122
제8회 전국동시지방선거,20220601,전체,경기도,광주시,329651,56807,17.23,123,123
제8회 전국동시지방선거,20220601,전체,경기도,포천시,131980,29002,21.97,124,124
제8회 전국동시지방선거,20220601,전체,경기도,연천군,37898,9160,24.17,125,125
제8회 전국동시지방선거,20220601,전체,경기도,양평군,107165,29055,27.11,126,126
제8회 전국동시지방선거,20220601,전체,경기도,가평군,55791,14106,25.28,127,127
제8회 전국동시지방선거,20220601,전체,강원도,합계,1336080,336628,25.2,128,128
제8회 전국동시지방선거,20220601,전체,강원도,춘천시,244406,55659,22.77,129,129
제8회 전국동시지방선거,20220601,전체,강원도,원주시,304060,65204,21.44,130,130
제8회 전국동시지방선거,20220601,전체,강원도,강릉시,185804,44158,23.77,131,131
제8회 전국동시지방선거,20220601,전체,강원도,동해시,76886,18120,23.57,132,132
제8회 전국동시지방선거,20220601,전체,강원도,삼척시,57023,18283,32.06,133,133
제8회 전국동시지방선거,20220601,전체,강원도,태백시,35236,11492,32.61,134,134
제8회 전국동시지방선거,20220601,전체,강원도,정선군,32001,10713,33.48,135,135
제8회 전국동시지방선거,20220601,전체,강원도,속초시,71621,16021,22.37,136,136
제8회 전국동시지방선거,20220601,전체,강원도,고성군,24776,7013,28.31,137,137
제8회 전국동시지방선거,20220601,전체,강원도,양양군,25359,7406,29.2,138,138
제8회 전국동시지방선거,20220601,전체,강원도,인제군,27939,8905,31.87,139,139
제8회 전국동시지방선거,20220601,전체,강원도,홍천군,60743,16067,26.45,140,140
제8회 전국동시지방선거,20220601,전체,강원도,횡성군,41777,13862,33.18,141,141
제8회 전국동시지방선거,20220601,전체,강원도,영월군,34371,10467,30.45,142,142
제8회 전국동시지방선거,20220601,전체,강원도,평창군,37372,12620,33.77,143,143
제8회 전국동시지방선거,20220601,전체,강원도,화천군,21055,6510,30.92,144,144
제8회 전국동시지방선거,20220601,전체,강원도,양구군,18552,5809,31.31,145,145
제8회 전국동시지방선거,20220601,전체,강원도,철원군,37099,8319,22.42,146,146
제8회 전국동시지방선거,20220601,전체,충청북도,합계,1368779,291441,21.29,147,147
제8회 전국동시지방선거,20220601,전체,충청북도,청주시상당구,163058,31173,19.12,148,148
제8회 전국동시지방선거,20220601,전체,충청북도,청주시서원구,165453,31603,19.1,149,149
제8회 전국동시지방선거,20220601,전체,충청북도,청주시흥덕구,223618,34748,15.54,150,150
제8회 전국동시지방선거,20220601,전체,충청북도,청주시청원구,160395,24574,15.32,151,151
제8회 전국동시지방선거,20220601,전체,충청북도,충주시,181044,38393,21.21,152,152
제8회 전국동시지방선거,20220601,전체,충청북도,제천시,115563,28163,24.37,153,153
제8회 전국동시지방선거,20220601,전체,충청북도,단양군,25692,8552,33.29,154,154
제8회 전국동시지방선거,20220601,전체,충청북도,영동군,41123,14070,34.21,155,155
제8회 전국동시지방선거,20220601,전체,충청북도,보은군,28963,10627,36.69,156,156
제8회 전국동시지방선거,20220601,전체,충청북도,옥천군,44686,14376,32.17,157,157
제8회 전국동시지방선거,20220601,전체,충청북도,음성군,81419,19309,23.72,158,158
제8회 전국동시지방선거,20220601,전체,충청북도,진천군,71725,15204,21.2,159,159
제8회 전국동시지방선거,20220601,전체,충청북도,괴산군,34674,12866,37.11,160,160
제8회 전국동시지방선거,20220601,전체,충청북도,증평군,31366,7783,24.81,161,161
제8회 전국동시지방선거,20220601,전체,충청남도,합계,1803096,365213,20.25,162,162
제8회 전국동시지방선거,20220601,전체,충청남도,천안시서북구,290313,40616,13.99,163,163
제8회 전국동시지방선거,20220601,전체,충청남도,천안시동남구,257709,39095,15.17,164,164
제8회 전국동시지방선거,20220601,전체,충청남도,공주시,91847,23877,26.0,165,165
제8회 전국동시지방선거,20220601,전체,충청남도,보령시,86264,24919,28.89,166,166
제8회 전국동시지방선거,20220601,전체,충청남도,아산시,268765,42272,15.73,167,167
제8회 전국동시지방선거,20220601,전체,충청남도,서산시,148744,30186,20.29,168,168
제8회 전국동시지방선거,20220601,전체,충청남도,태안군,55435,16284,29.37,169,169
제8회 전국동시지방선거,20220601,전체,충청남도,금산군,44747,11760,26.28,170,170
제8회 전국동시지방선거,20220601,전체,충청남도,논산시,99942,22409,22.42,171,171
제8회 전국동시지방선거,20220601,전체,충청남도,계룡시,34875,9020,25.86,172,172
제8회 전국동시지방선거,20220601,전체,충청남도,당진시,140008,27271,19.48,173,173
제8회 전국동시지방선거,20220601,전체,충청남도,부여군,57322,16959,29.59,174,174
제8회 전국동시지방선거,20220601,전체,충청남도,서천군,45864,14265,31.1,175,175
제8회 전국동시지방선거,20220601,전체,충청남도,홍성군,84260,19730,23.42,176,176
제8회 전국동시지방선거,20220601,전체,충청남도,청양군,27932,9734,34.85,177,177
제8회 전국동시지방선거,20220601,전체,충청남도,예산군,69069,16816,24.35,178,178
제8회 전국동시지방선거,20220601,전체,전라북도,합계,1532133,374020,24.41,179,179
제8회 전국동시지방선거,20220601,전체,전라북도,전주시완산구,311508,53489,17.17,180,180
제8회 전국동시지방선거,20220601,전체,전라북도,전주시덕진구,238934,40095,16.78,181,181
제8회 전국동시지방선거,20220601,전체,전라북도,군산시,224926,39535,17.58,182,182
제8회 전국동시지방선거,20220601,전체,전라북도,익산시,239077,52484,21.95,183,183
제8회 전국동시지방선거,20220601,전체,전라북도,정읍시,93307,29506,31.62,184,184
제8회 전국동시지방선거,20220601,전체,전라북도,남원시,69007,26532,38.45,185,185
제8회 전국동시지방선거,20220601,전체,전라북도,김제시,72358,23027,31.82,186,186
제8회 전국동시지방선거,20220601,전체,전라북도,완주군,78284,21806,27.85,187,187
제8회 전국동시지방선거,20220601,전체,전라북도,진안군,22634,10018,44.26,188,188
제8회 전국동시지방선거,20220601,전체,전라북도,무주군,21279,10106,47.49,189,189
제8회 전국동시지방선거,20220601,전체,전라북도,장수군,19380,8469,43.7,190,190
제8회 전국동시지방선거,20220601,전체,전라북도,임실군,24346,10720,44.03,191,191
제8회 전국동시지방선거,20220601,전체,전라북도,순창군,23898,11890,49.75,192,192
제8회 전국동시지방선거,20220601,전체,전라북도,고창군,47581,20714,43.53,193,193
제8회 전국동시지방선거,20220601,전체,전라북도,부안군,45614,15629,34.26,194,194
제8회 전국동시지방선거,20220601,전체,전라남도,합계,1580098,490436,31.04,195,195
제8회 전국동시지방선거,20220601,전체,전라남도,목포시,183412,55403,30.21,196,196
제8회 전국동시지방선거,20220601,전체,전라남도,여수시,236881,45749,19.31,197,197
제8회 전국동시지방선거,20220601,전체,전라남도,순천시,235432,56557,24.02,198,198
제8회 전국동시지방선거,20220601,전체,전라남도,나주시,98951,29184,29.49,199,199
제8회 전국동시지방선거,20220601,전체,전라남도,광양시,126604,32144,25.39,200,200
제8회 전국동시지방선거,20220601,전체,전라남도,담양군,41720,15884,38.07,201,201
제8회 전국동시지방선거,20220601,전체,전라남도,장성군,38470,17434,45.32,202,202
제8회 전국동시지방선거,20220601,전체,전라남도,곡성군,25196,11561,45.88,203,203
제8회 전국동시지방선거,20220601,전체,전라남도,구례군,22848,9310,40.75,204,204
제8회 전국동시지방선거,20220601,전체,전라남도,고흥군,57371,28489,49.66,205,205
제8회 전국동시지방선거,20220601,전체,전라남도,보성군,35731,12919,36.16,206,206
제8회 전국동시지방선거,20220601,전체,전라남도,화순군,55284,16939,30.64,207,207
제8회 전국동시지방선거,20220601,전체,전라남도,장흥군,32510,14124,43.45,208,208
제8회 전국동시지방선거,20220601,전체,전라남도,강진군,30148,13570,45.01,209,209
제8회 전국동시지방선거,20220601,전체,전라남도,완도군,42697,16245,38.05,210,210
제8회 전국동시지방선거,20220601,전체,전라남도,해남군,59423,18233,30.68,211,211
제8회 전국동시지방선거,20220601,전체,전라남도,진도군,26748,11752,43.94,212,212
제8회 전국동시지방선거,20220601,전체,전라남도,영암군,46851,16413,35.03,213,213
제8회 전국동시지방선거,20220601,전체,전라남도,무안군,74895,22242,29.7,214,214
제8회 전국동시지방선거,20220601,전체,전라남도,영광군,45299,18882,41.68,215,215
제8회 전국동시지방선거,20220601,전체,전라남도,함평군,28381,10217,36.0,216,216
제8회 전국동시지방선거,20220601,전체,전라남도,신안군,35246,17185,48.76,217,217
제8회 전국동시지방선거,20220601,전체,경상북도,합계,2268707,526014,23.19,218,218
제8회 전국동시지방선거,20220601,전체,경상북도,포항시북구,230960,38534,16.68,219,219
제8회 전국동시지방선거,20220601,전체,경상북도,포항시남구,196727,35184,17.88,220,220
제8회 전국동시지방선거,20220601,전체,경상북도,울릉군,8339,3927,47.09,221,221
제8회 전국동시지방선거,20220601,전체,경상북도,경주시,220490,49420,22.41,222,222
제8회 전국동시지방선거,20220601,전체,경상북도,김천시,120471,34211,28.4,223,223
제8회 전국동시지방선거,20220601,전체,경상북도,안동시,135862,32798,24.14,224,224
제8회 전국동시지방선거,20220601,전체,경상북도,구미시,337510,53557,15.87,225,225
제8회 전국동시지방선거,20220601,전체,경상북도,영주시,89061,24856,27.91,226,226
제8회 전국동시지방선거,20220601,전체,경상북도,영천시,90932,22746,25.01,227,227
제8회 전국동시지방선거,20220601,전체,경상북도,상주시,84980,26864,31.61,228,228
제8회 전국동시지방선거,20220601,전체,경상북도,문경시,64160,21447,33.43,229,229
제8회 전국동시지방선거,20220601,전체,경상북도,예천군,47561,14594,30.68,230,230
제8회 전국동시지방선거,20220601,전체,경상북도,경산시,230676,33918,14.7,231,231
제8회 전국동시지방선거,20220601,전체,경상북도,청도군,38574,12926,33.51,232,232
제8회 전국동시지방선거,20220601,전체,경상북도,고령군,27757,7681,27.67,233,233
제8회 전국동시지방선거,20220601,전체,경상북도,성주군,39451,14741,37.37,234,234
제8회 전국동시지방선거,20220601,전체,경상북도,칠곡군,96081,16547,17.22,235,235
제8회 전국동시지방선거,20220601,전체,경상북도,군위군,22054,11486,52.08,236,236
제8회 전국동시지방선거,20220601,전체,경상북도,의성군,47168,20820,44.14,237,237
제8회 전국동시지방선거,20220601,전체,경상북도,청송군,22790,8513,37.35,238,238
제8회 전국동시지방선거,20220601,전체,경상북도,영양군,14920,7024,47.08,239,239
제8회 전국동시지방선거,20220601,전체,경상북도,영덕군,32124,10702,33.31,240,240
제8회 전국동시지방선거,20220601,전체,경상북도,봉화군,27996,9239,33.0,241,241
제8회 전국동시지방선거,20220601,전체,경상북도,울진군,42063,14279,33.95,242,242
제8회 전국동시지방선거,20220601,전체,경상남도,합계,2804287,605380,21.59,243,243
제8회 전국동시지방선거,20220601,전체,경상남도,창원시의창구,185184,33504,18.09,244,244
제8회 전국동시지방선거,20220601,전체,경상남도,창원시성산구,212811,38351,18.02,245,245
제8회 전국동시지방선거,20220601,전체,경상남도,창원시마산합포구,156850,34110,21.75,246,246
제8회 전국동시지방선거,20220601,전체,경상남도,창원시마산회원구,159983,31713,19.82,247,247
제8회 전국동시지방선거,20220601,전체,경상남도,창원시진해구,159730,28513,17.85,248,248
제8회 전국동시지방선거,20220601,전체,경상남도,진주시,292168,64985,22.24,249,249
제8회 전국동시지방선거,20220601,전체,경상남도,통영시,106064,26217,24.72,250,250
제8회 전국동시지방선거,20220601,전체,경상남도,고성군,44745,14559,32.54,251,251
제8회 전국동시지방선거,20220601,전체,경상남도,사천시,93946,24906,26.51,252,252
제8회 전국동시지방선거,20220601,전체,경상남도,김해시,444484,73659,16.57,253,253
제8회 전국동시지방선거,20220601,전체,경상남도,밀양시,92419,22002,23.81,254,254
제8회 전국동시지방선거,20220601,전체,경상남도,거제시,193369,42064,21.75,255,255
제8회 전국동시지방선거,20220601,전체,경상남도,의령군,24291,9181,37.8,256,256
제8회 전국동시지방선거,20220601,전체,경상남도,함안군,54125,13600,25.13,257,257
제8회 전국동시지방선거,20220601,전체,경상남도,창녕군,53616,15584,29.07,258,258
제8회 전국동시지방선거,20220601,전체,경상남도,양산시,294411,45210,15.36,259,259
제8회 전국동시지방선거,20220601,전체,경상남도,하동군,39428,17160,43.52,260,260
제8회 전국동시지방선거,20220601,전체,경상남도,남해군,38538,13880,36.02,261,261
제8회 전국동시지방선거,20220601,전체,경상남도,함양군,34399,14565,42.34,262,262
제8회 전국동시지방선거,20220601,전체,경상남도,산청군,31488,11707,37.18,263,263
제8회 전국동시지방선거,20220601,전체,경상남도,거창군,52803,17129,32.44,264,264
제8회 전국동시지방선거,20220601,전체,경상남도,합천군,39435,12781,32.41,265,265
제8회 전국동시지방선거,20220601,전체,제주특별자치도,합계,565084,120841,21.38,266,266
제8회 전국동시지방선거,20220601,전체,제주특별자치도,제주시,409110,85892,20.99,267,267
제8회 전국동시지방선거,20220601,전체,제주특별자치도,서귀포시,155974,34949,22.41,268,268
제22대 국선 강서구청장 보궐선거,20231011,전체,합계,합계,500603,113313,22.64,1,1
제22대 국선 강서구청장 보궐선거,20231011,전체,서울특별시,합계,500603,113313,22.64,2,2
제22대 국선 강서구청장 보궐선거,20231011,전체,서울특별시,강서구,500603,113313,22.64,3,3
제22대 국회의원선거,20240410,전체,합계,합계,44280011,13849043,31.28,1,1
제22대 국회의원선거,20240410,전체,서울특별시,합계,8310021,2711316,32.63,2,2
제22대 국회의원선거,20240410,전체,서울특별시,종로구,126543,45640,36.07,3,3
제22대 국회의원선거,20240410,전체,서울특별시,중구,177850,57425,32.29,4,4
제22대 국회의원선거,20240410,전체,서울특별시,용산구,189644,65076,34.31,5,5
제22대 국회의원선거,20240410,전체,서울특별시,성동구,180828,59932,33.14,6,6
제22대 국회의원선거,20240410,전체,서울특별시,광진구,302073,101343,33.55,7,7
제22대 국회의원선거,20240410,전체,서울특별시,동대문구,306831,97897,31.91,8,8
제22대 국회의원선거,20240410,전체,서울특별시,중랑구,344611,110310,32.01,9,9
제22대 국회의원선거,20240410,전체,서울특별시,성북구,374996,124246,33.13,10,10
제22대 국회의원선거,20240410,전체,서울특별시,강북구,260860,82395,31.59,11,11
제22대 국회의원선거,20240410,전체,서울특별시,도봉구,275314,93422,33.93,12,12
제22대 국회의원선거,20240410,전체,서울특별시,노원구,435618,136794,31.4,13,13
제22대 국회의원선거,20240410,전체,서울특별시,은평구,414837,138331,33.35,14,14
제22대 국회의원선거,20240410,전체,서울특별시,서대문구,272059,91101,33.49,15,15
제22대 국회의원선거,20240410,전체,서울특별시,마포구,323277,106083,32.81,16,16
제22대 국회의원선거,20240410,전체,서울특별시,양천구,371592,121111,32.59,17,17
제22대 국회의원선거,20240410,전체,서울특별시,강서구,498312,164208,32.95,18,18
제22대 국회의원선거,20240410,전체,서울특별시,구로구,347358,112518,32.39,19,19
제22대 국회의원선거,20240410,전체,서울특별시,금천구,207663,64027,30.83,20,20
제22대 국회의원선거,20240410,전체,서울특별시,영등포구,335457,109215,32.56,21,21
제22대 국회의원선거,20240410,전체,서울특별시,동작구,339290,121600,35.84,22,22
제22대 국회의원선거,20240410,전체,서울특별시,관악구,447641,140714,31.43,23,23
제22대 국회의원선거,20240410,전체,서울특별시,서초구,344639,107814,31.28,24,24
제22대 국회의원선거,20240410,전체,서울특별시,강남구,469251,136336,29.05,25,25
제22대 국회의원선거,20240410,전체,서울특별시,송파구,565072,189132,33.47,26,26
제22대 국회의원선거,20240410,전체,서울특별시,강동구,398405,134646,33.8,27,27
제22대 국회의원선거,20240410,전체,부산광역시,합계,2884261,852871,29.57,28,28
제22대 국회의원선거,20240410,전체,부산광역시,중구,36398,11067,30.41,29,29
제22대 국회의원선거,20240410,전체,부산광역시,서구,93354,29611,31.72,30,30
제22대 국회의원선거,20240410,전체,부산광역시,동구,79746,25493,31.97,31,31
제22대 국회의원선거,20240410,전체,부산광역시,영도구,96635,30209,31.26,32,32
제22대 국회의원선거,20240410,전체,부산광역시,부산진구,322661,91380,28.32,33,33
제22대 국회의원선거,20240410,전체,부산광역시,동래구,230595,70114,30.41,34,34
제22대 국회의원선거,20240410,전체,부산광역시,남구,223968,70780,31.6,35,35
제22대 국회의원선거,20240410,전체,부산광역시,북구,239564,70030,29.23,36,36
제22대 국회의원선거,20240410,전체,부산광역시,해운대구,327057,97729,29.88,37,37
제22대 국회의원선거,20240410,전체,부산광역시,기장군,146491,38947,26.59,38,38
제22대 국회의원선거,20240410,전체,부산광역시,사하구,262016,73000,27.86,39,39
제22대 국회의원선거,20240410,전체,부산광역시,금정구,192232,61754,32.12,40,40
제22대 국회의원선거,20240410,전체,부산광역시,강서구,111640,31263,28.0,41,41
제22대 국회의원선거,20240410,전체,부산광역시,연제구,184144,53754,29.19,42,42
제22대 국회의원선거,20240410,전체,부산광역시,수영구,155881,45718,29.33,43,43
제22대 국회의원선거,20240410,전체,부산광역시,사상구,181879,52022,28.6,44,44
제22대 국회의원선거,20240410,전체,대구광역시,합계,2051656,525222,25.6,45,45
제22대 국회의원선거,20240410,전체,대구광역시,중구,78577,22353,28.45,46,46
제22대 국회의원선거,20240410,전체,대구광역시,동구,299440,75949,25.36,47,47
제22대 국회의원선거,20240410,전체,대구광역시,서구,150040,38883,25.92,48,48
제22대 국회의원선거,20240410,전체,대구광역시,남구,126280,31730,25.13,49,49
제22대 국회의원선거,20240410,전체,대구광역시,북구,361179,89153,24.68,50,50
제22대 국회의원선거,20240410,전체,대구광역시,수성구,344902,97965,28.4,51,51
제22대 국회의원선거,20240410,전체,대구광역시,달서구,454729,110463,24.29,52,52
제22대 국회의원선거,20240410,전체,대구광역시,달성군,214805,49156,22.88,53,53
제22대 국회의원선거,20240410,전체,대구광역시,군위군,21704,9570,44.09,54,54
제22대 국회의원선거,20240410,전체,인천광역시,합계,2582765,776408,30.06,55,55
제22대 국회의원선거,20240410,전체,인천광역시,중구,137350,42452,30.91,56,56
제22대 국회의원선거,20240410,전체,인천광역시,동구,52736,17848,33.84,57,57
제22대 국회의원선거,20240410,전체,인천광역시,미추홀구,358634,103922,28.98,58,58
제22대 국회의원선거,20240410,전체,인천광역시,연수구,323230,103331,31.97,59,59
제22대 국회의원선거,20240410,전체,인천광역시,남동구,424505,120343,28.35,60,60
제22대 국회의원선거,20240410,전체,인천광역시,부평구,435439,128313,29.47,61,61
제22대 국회의원선거,20240410,전체,인천광역시,계양구,248086,76809,30.96,62,62
제22대 국회의원선거,20240410,전체,인천광역시,서구,521366,151372,29.03,63,63
제22대 국회의원선거,20240410,전체,인천광역시,강화군,62621,23735,37.9,64,64
제22대 국회의원선거,20240410,전체,인천광역시,옹진군,18798,8283,44.06,65,65
제22대 국회의원선거,20240410,전체,광주광역시,합계,1199920,455962,38.0,66,66
제22대 국회의원선거,20240410,전체,광주광역시,동구,133157,55058,41.35,67,67
제22대 국회의원선거,20240410,전체,광주광역시,서구,243931,94146,38.6,68,68
제22대 국회의원선거,20240410,전체,광주광역시,남구,136786,54848,40.1,69,69
제22대 국회의원선거,20240410,전체,광주광역시,북구,361131,139820,38.72,70,70
제22대 국회의원선거,20240410,전체,광주광역시,광산구,324915,112090,34.5,71,71
제22대 국회의원선거,20240410,전체,대전광역시,합계,1236801,374206,30.26,72,72
제22대 국회의원선거,20240410,전체,대전광역시,동구,190490,57473,30.17,73,73
제22대 국회의원선거,20240410,전체,대전광역시,중구,195457,58651,30.01,74,74
제22대 국회의원선거,20240410,전체,대전광역시,서구,396497,117398,29.61,75,75
제22대 국회의원선거,20240410,전체,대전광역시,유성구,304680,98121,32.2,76,76
제22대 국회의원선거,20240410,전체,대전광역시,대덕구,149677,42563,28.44,77,77
제22대 국회의원선거,20240410,전체,울산광역시,합계,934661,281659,30.13,78,78
제22대 국회의원선거,20240410,전체,울산광역시,중구,179128,53667,29.96,79,79
제22대 국회의원선거,20240410,전체,울산광역시,남구,263652,76945,29.18,80,80
제22대 국회의원선거,20240410,전체,울산광역시,동구,127152,40092,31.53,81,81
제22대 국회의원선거,20240410,전체,울산광역시,북구,176102,51630,29.32,82,82
제22대 국회의원선거,20240410,전체,울산광역시,울주군,188627,59325,31.45,83,83
제22대 국회의원선거,20240410,전체,세종특별자치시,합계,301297,110888,36.8,84,84
제22대 국회의원선거,20240410,전체,세종특별자치시,세종특별자치시,301297,110888,36.8,85,85
제22대 국회의원선거,20240410,전체,경기도,합계,11595385,3425648,29.54,86,86
제22대 국회의원선거,20240410,전체,경기도,수원시장안구,200495,59675,29.76,87,87
제22대 국회의원선거,20240410,전체,경기도,수원시권선구,440891,125218,28.4,88,88
제22대 국회의원선거,20240410,전체,경기도,수원시팔달구,182599,51929,28.44,89,89
제22대 국회의원선거,20240410,전체,경기도,수원시영통구,201175,61120,30.38,90,90
제22대 국회의원선거,20240410,전체,경기도,성남시수정구,210098,69177,32.93,91,91
제22대 국회의원선거,20240410,전체,경기도,성남시중원구,186692,60186,32.24,92,92
제22대 국회의원선거,20240410,전체,경기도,성남시분당구,397092,134489,33.87,93,93
제22대 국회의원선거,20240410,전체,경기도,의정부시,400841,113676,28.36,94,94
제22대 국회의원선거,20240410,전체,경기도,안양시만안구,203796,65898,32.34,95,95
제22대 국회의원선거,20240410,전체,경기도,안양시동안구,268744,92554,34.44,96,96
제22대 국회의원선거,20240410,전체,경기도,부천시원미구,214631,68089,31.72,97,97
제22대 국회의원선거,20240410,전체,경기도,부천시소사구,234068,72193,30.84,98,98
제22대 국회의원선거,20240410,전체,경기도,부천시오정구,232727,62491,26.85,99,99
제22대 국회의원선거,20240410,전체,경기도,광명시,238939,81099,33.94,100,100
제22대 국회의원선거,20240410,전체,경기도,평택시,498126,126842,25.46,101,101
제22대 국회의원선거,20240410,전체,경기도,양주시,218442,62658,28.68,102,102
제22대 국회의원선거,20240410,전체,경기도,동두천시,88333,27105,30.69,103,103
제22대 국회의원선거,20240410,전체,경기도,안산시상록구,367825,94204,25.61,104,104
제22대 국회의원선거,20240410,전체,경기도,안산시단원구,181503,46039,25.37,105,105
제22대 국회의원선거,20240410,전체,경기도,고양시덕양구,459015,141751,30.88,106,106
제22대 국회의원선거,20240410,전체,경기도,고양시일산동구,237122,71976,30.35,107,107
제22대 국회의원선거,20240410,전체,경기도,고양시일산서구,228175,69084,30.28,108,108
제22대 국회의원선거,20240410,전체,경기도,과천시,67713,25369,37.47,109,109
제22대 국회의원선거,20240410,전체,경기도,의왕시,135420,44422,32.8,110,110
제22대 국회의원선거,20240410,전체,경기도,구리시,161574,47004,29.09,111,111
제22대 국회의원선거,20240410,전체,경기도,남양주시,614584,162476,26.44,112,112
제22대 국회의원선거,20240410,전체,경기도,오산시,193132,47416,24.55,113,113
제22대 국회의원선거,20240410,전체,경기도,화성시갑,428975,119290,27.81,114,114
제22대 국회의원선거,20240410,전체,경기도,화성시을,333311,102292,30.69,115,115
제22대 국회의원선거,20240410,전체,경기도,시흥시,433914,120342,27.73,116,116
제22대 국회의원선거,20240410,전체,경기도,군포시,226183,69784,30.85,117,117
제22대 국회의원선거,20240410,전체,경기도,하남시,272328,89330,32.8,118,118
제22대 국회의원선거,20240410,전체,경기도,파주시,419603,112138,26.72,119,119
제22대 국회의원선거,20240410,전체,경기도,여주시,100759,30841,30.61,120,120
제22대 국회의원선거,20240410,전체,경기도,이천시,188925,56630,29.97,121,121
제22대 국회의원선거,20240410,전체,경기도,용인시처인구,226061,64270,28.43,122,122
제22대 국회의원선거,20240410,전체,경기도,용인시수지구,220727,71759,32.51,123,123
제22대 국회의원선거,20240410,전체,경기도,용인시기흥구,453859,143587,31.64,124,124
제22대 국회의원선거,20240410,전체,경기도,안성시,165070,49933,30.25,125,125
제22대 국회의원선거,20240410,전체,경기도,김포시,395936,107293,27.1,126,126
제22대 국회의원선거,20240410,전체,경기도,광주시,333902,96789,28.99,127,127
제22대 국회의원선거,20240410,전체,경기도,포천시,127851,38032,29.75,128,128
제22대 국회의원선거,20240410,전체,경기도,연천군,37024,11535,31.16,129,129
제22대 국회의원선거,20240410,전체,경기도,양평군,111121,39848,35.86,130,130
제22대 국회의원선거,20240410,전체,경기도,가평군,56084,17815,31.76,131,131
제22대 국회의원선거,20240410,전체,강원특별자치도,합계,1331959,434704,32.64,132,132
제22대 국회의원선거,20240410,전체,강원특별자치도,춘천시,246971,79279,32.1,133,133
제22대 국회의원선거,20240410,전체,강원특별자치도,원주시,307788,99072,32.19,134,134
제22대 국회의원선거,20240410,전체,강원특별자치도,강릉시,183936,58155,31.62,135,135
제22대 국회의원선거,20240410,전체,강원특별자치도,동해시,76325,23586,30.9,136,136
제22대 국회의원선거,20240410,전체,강원특별자치도,삼척시,55708,19497,35.0,137,137
제22대 국회의원선거,20240410,전체,강원특별자치도,태백시,33912,12266,36.17,138,138
제22대 국회의원선거,20240410,전체,강원특별자치도,정선군,30979,10620,34.28,139,139
제22대 국회의원선거,20240410,전체,강원특별자치도,속초시,71222,22563,31.68,140,140
제22대 국회의원선거,20240410,전체,강원특별자치도,고성군,24754,8233,33.26,141,141
제22대 국회의원선거,20240410,전체,강원특별자치도,양양군,25233,8797,34.86,142,142
제22대 국회의원선거,20240410,전체,강원특별자치도,인제군,27802,9713,34.94,143,143
제22대 국회의원선거,20240410,전체,강원특별자치도,홍천군,60402,19863,32.88,144,144
제22대 국회의원선거,20240410,전체,강원특별자치도,횡성군,41780,14996,35.89,145,145
제22대 국회의원선거,20240410,전체,강원특별자치도,영월군,33830,12448,36.8,146,146
제22대 국회의원선거,20240410,전체,강원특별자치도,평창군,37113,13603,36.65,147,147
제22대 국회의원선거,20240410,전체,강원특별자치도,화천군,20107,6681,33.23,148,148
제22대 국회의원선거,20240410,전체,강원특별자치도,양구군,18079,5969,33.02,149,149
제22대 국회의원선거,20240410,전체,강원특별자치도,철원군,36018,9363,26.0,150,150
제22대 국회의원선거,20240410,전체,충청북도,합계,1372679,420624,30.64,151,151
제22대 국회의원선거,20240410,전체,충청북도,청주시상당구,169087,47938,28.35,152,152
제22대 국회의원선거,20240410,전체,충청북도,청주시서원구,161193,48474,30.07,153,153
제22대 국회의원선거,20240410,전체,충청북도,청주시흥덕구,231335,59505,25.72,154,154
제22대 국회의원선거,20240410,전체,충청북도,청주시청원구,158699,39571,24.93,155,155
제22대 국회의원선거,20240410,전체,충청북도,충주시,181077,56884,31.41,156,156
제22대 국회의원선거,20240410,전체,충청북도,제천시,114420,38599,33.73,157,157
제22대 국회의원선거,20240410,전체,충청북도,단양군,25386,9439,37.18,158,158
제22대 국회의원선거,20240410,전체,충청북도,영동군,40148,16144,40.21,159,159
제22대 국회의원선거,20240410,전체,충청북도,보은군,28312,11776,41.59,160,160
제22대 국회의원선거,20240410,전체,충청북도,옥천군,44006,17325,39.37,161,161
제22대 국회의원선거,20240410,전체,충청북도,음성군,80461,26717,33.2,162,162
제22대 국회의원선거,20240410,전체,충청북도,진천군,72660,23542,32.4,163,163
제22대 국회의원선거,20240410,전체,충청북도,괴산군,33836,14280,42.2,164,164
제22대 국회의원선거,20240410,전체,충청북도,증평군,32059,10430,32.53,165,165
제22대 국회의원선거,20240410,전체,충청남도,합계,1825472,552098,30.24,166,166
제22대 국회의원선거,20240410,전체,충청남도,천안시서북구,182255,42158,23.13,167,167
제22대 국회의원선거,20240410,전체,충청남도,천안시동남구,370806,92896,25.05,168,168
제22대 국회의원선거,20240410,전체,충청남도,공주시,91544,33909,37.04,169,169
제22대 국회의원선거,20240410,전체,충청남도,보령시,84241,31766,37.71,170,170
제22대 국회의원선거,20240410,전체,충청남도,아산시,286237,74073,25.88,171,171
제22대 국회의원선거,20240410,전체,충청남도,서산시,149072,49307,33.08,172,172
제22대 국회의원선거,20240410,전체,충청남도,태안군,55072,21631,39.28,173,173
제22대 국회의원선거,20240410,전체,충청남도,금산군,44939,14683,32.67,174,174
제22대 국회의원선거,20240410,전체,충청남도,논산시,97328,30639,31.48,175,175
제22대 국회의원선거,20240410,전체,충청남도,계룡시,37926,13986,36.88,176,176
제22대 국회의원선거,20240410,전체,충청남도,당진시,143640,44780,31.18,177,177
제22대 국회의원선거,20240410,전체,충청남도,부여군,55364,20560,37.14,178,178
제22대 국회의원선거,20240410,전체,충청남도,서천군,44778,17338,38.72,179,179
제22대 국회의원선거,20240410,전체,충청남도,홍성군,84299,28896,34.28,180,180
제22대 국회의원선거,20240410,전체,충청남도,청양군,27646,11436,41.37,181,181
제22대 국회의원선거,20240410,전체,충청남도,예산군,70325,24040,34.18,182,182
제22대 국회의원선거,20240410,전체,전북특별자치도,합계,1517738,583724,38.46,183,183
제22대 국회의원선거,20240410,전체,전북특별자치도,전주시완산구,330472,118965,36.0,184,184
제22대 국회의원선거,20240410,전체,전북특별자치도,전주시덕진구,212885,76540,35.95,185,185
제22대 국회의원선거,20240410,전체,전북특별자치도,군산시,215070,72005,33.48,186,186
제22대 국회의원선거,20240410,전체,전북특별자치도,익산시,234218,87257,37.25,187,187
제22대 국회의원선거,20240410,전체,전북특별자치도,정읍시,91552,37451,40.91,188,188
제22대 국회의원선거,20240410,전체,전북특별자치도,남원시,67455,30844,45.73,189,189
제22대 국회의원선거,20240410,전체,전북특별자치도,김제시,80138,33850,42.24,190,190
제22대 국회의원선거,20240410,전체,전북특별자치도,완주군,85319,33614,39.4,191,191
제22대 국회의원선거,20240410,전체,전북특별자치도,진안군,22324,10645,47.68,192,192
제22대 국회의원선거,20240410,전체,전북특별자치도,무주군,20975,9519,45.38,193,193
제22대 국회의원선거,20240410,전체,전북특별자치도,장수군,18817,8913,47.37,194,194
제22대 국회의원선거,20240410,전체,전북특별자치도,임실군,23605,11324,47.97,195,195
제22대 국회의원선거,20240410,전체,전북특별자치도,순창군,24085,11633,48.3,196,196
제22대 국회의원선거,20240410,전체,전북특별자치도,고창군,46480,21146,45.49,197,197
제22대 국회의원선거,20240410,전체,전북특별자치도,부안군,44343,20018,45.14,198,198
제22대 국회의원선거,20240410,전체,전라남도,합계,1565232,644774,41.19,199,199
제22대 국회의원선거,20240410,전체,전라남도,목포시,181468,71198,39.23,200,200
제22대 국회의원선거,20240410,전체,전라남도,여수시,234412,85035,36.28,201,201
제22대 국회의원선거,20240410,전체,전라남도,순천시,191729,72290,37.7,202,202
제22대 국회의원선거,20240410,전체,전라남도,나주시,99778,42165,42.26,203,203
제22대 국회의원선거,20240410,전체,전라남도,광양시,171773,62650,36.47,204,204
제22대 국회의원선거,20240410,전체,전라남도,담양군,40889,19995,48.9,205,205
제22대 국회의원선거,20240410,전체,전라남도,장성군,38087,19057,50.04,206,206
제22대 국회의원선거,20240410,전체,전라남도,곡성군,24720,12486,50.51,207,207
제22대 국회의원선거,20240410,전체,전라남도,구례군,22135,10223,46.18,208,208
제22대 국회의원선거,20240410,전체,전라남도,고흥군,56227,24242,43.11,209,209
제22대 국회의원선거,20240410,전체,전라남도,보성군,34504,14677,42.54,210,210
제22대 국회의원선거,20240410,전체,전라남도,화순군,54383,22852,42.02,211,211
제22대 국회의원선거,20240410,전체,전라남도,장흥군,31461,14872,47.27,212,212
제22대 국회의원선거,20240410,전체,전라남도,강진군,29456,13521,45.9,213,213
제22대 국회의원선거,20240410,전체,전라남도,완도군,41302,18172,44.0,214,214
제22대 국회의원선거,20240410,전체,전라남도,해남군,57588,25054,43.51,215,215
제22대 국회의원선거,20240410,전체,전라남도,진도군,25936,11662,44.96,216,216
제22대 국회의원선거,20240410,전체,전라남도,영암군,46328,19458,42.0,217,217
제22대 국회의원선거,20240410,전체,전라남도,무안군,74668,31187,41.77,218,218
제22대 국회의원선거,20240410,전체,전라남도,영광군,45091,20695,45.9,219,219
제22대 국회의원선거,20240410,전체,전라남도,함평군,28009,13941,49.77,220,220
제22대 국회의원선거,20240410,전체,전라남도,신안군,35288,19342,54.81,221,221
제22대 국회의원선거,20240410,전체,경상북도,합계,2224011,683836,30.75,222,222
제22대 국회의원선거,20240410,전체,경상북도,포항시북구,228144,58078,25.46,223,223
제22대 국회의원선거,20240410,전체,경상북도,포항시남구,195084,48820,25.03,224,224
제22대 국회의원선거,20240410,전체,경상북도,울릉군,8430,2740,32.5,225,225
제22대 국회의원선거,20240410,전체,경상북도,경주시,217833,69188,31.76,226,226
제22대 국회의원선거,20240410,전체,경상북도,김천시,118699,41226,34.73,227,227
제22대 국회의원선거,20240410,전체,경상북도,안동시,134112,43651,32.55,228,228
제22대 국회의원선거,20240410,전체,경상북도,구미시,337548,88907,26.34,229,229
제22대 국회의원선거,20240410,전체,경상북도,영주시,88268,28848,32.68,230,230
제22대 국회의원선거,20240410,전체,경상북도,영천시,90253,28991,32.12,231,231
제22대 국회의원선거,20240410,전체,경상북도,상주시,83502,32473,38.89,232,232
제22대 국회의원선거,20240410,전체,경상북도,문경시,61062,23658,38.74,233,233
제22대 국회의원선거,20240410,전체,경상북도,예천군,47399,19478,41.09,234,234
제22대 국회의원선거,20240410,전체,경상북도,경산시,231365,59608,25.76,235,235
제22대 국회의원선거,20240410,전체,경상북도,청도군,38317,13695,35.74,236,236
제22대 국회의원선거,20240410,전체,경상북도,고령군,27645,9797,35.44,237,237
제22대 국회의원선거,20240410,전체,경상북도,성주군,38876,16705,42.97,238,238
제22대 국회의원선거,20240410,전체,경상북도,칠곡군,94245,24528,26.03,239,239
제22대 국회의원선거,20240410,전체,경상북도,의성군,46722,21420,45.85,240,240
제22대 국회의원선거,20240410,전체,경상북도,청송군,22360,8229,36.8,241,241
제22대 국회의원선거,20240410,전체,경상북도,영양군,14376,6212,43.21,242,242
제22대 국회의원선거,20240410,전체,경상북도,영덕군,31186,11693,37.49,243,243
제22대 국회의원선거,20240410,전체,경상북도,봉화군,27082,10495,38.75,244,244
제22대 국회의원선거,20240410,전체,경상북도,울진군,41503,15396,37.1,245,245
제22대 국회의원선거,20240410,전체,경상남도,합계,2779542,853610,30.71,246,246
제22대 국회의원선거,20240410,전체,경상남도,창원시의창구,182451,48786,26.74,247,247
제22대 국회의원선거,20240410,전체,경상남도,창원시성산구,208677,59333,28.43,248,248
제22대 국회의원선거,20240410,전체,경상남도,창원시마산합포구,155730,47765,30.67,249,249
제22대 국회의원선거,20240410,전체,경상남도,창원시마산회원구,156889,44110,28.12,250,250
제22대 국회의원선거,20240410,전체,경상남도,창원시진해구,158243,44675,28.23,251,251
제22대 국회의원선거,20240410,전체,경상남도,진주시,290062,93401,32.2,252,252
제22대 국회의원선거,20240410,전체,경상남도,통영시,103176,33268,32.24,253,253
제22대 국회의원선거,20240410,전체,경상남도,고성군,44417,15587,35.09,254,254
제22대 국회의원선거,20240410,전체,경상남도,사천시,94353,32228,34.16,255,255
제22대 국회의원선거,20240410,전체,경상남도,김해시,445856,125290,28.1,256,256
제22대 국회의원선거,20240410,전체,경상남도,밀양시,91616,28604,31.22,257,257
제22대 국회의원선거,20240410,전체,경상남도,거제시,191279,63720,33.31,258,258
제22대 국회의원선거,20240410,전체,경상남도,의령군,23703,8858,37.37,259,259
제22대 국회의원선거,20240410,전체,경상남도,함안군,52849,16582,31.38,260,260
제22대 국회의원선거,20240410,전체,경상남도,창녕군,51623,18128,35.12,261,261
제22대 국회의원선거,20240410,전체,경상남도,양산시,297690,80514,27.05,262,262
제22대 국회의원선거,20240410,전체,경상남도,하동군,38193,17680,46.29,263,263
제22대 국회의원선거,20240410,전체,경상남도,남해군,37251,15290,41.05,264,264
제22대 국회의원선거,20240410,전체,경상남도,함양군,33302,13369,40.14,265,265
제22대 국회의원선거,20240410,전체,경상남도,산청군,31327,12927,41.26,266,266
제22대 국회의원선거,20240410,전체,경상남도,거창군,52567,18963,36.07,267,267
제22대 국회의원선거,20240410,전체,경상남도,합천군,38288,14532,37.95,268,268
제22대 국회의원선거,20240410,전체,제주특별자치도,합계,566611,161493,28.5,269,269
제22대 국회의원선거,20240410,전체,제주특별자치도,제주시,410290,112015,27.3,270,270
제22대 국회의원선거,20240410,전체,제주특별자치도,서귀포시,156321,49478,31.65,271,271
제21대 대통령선거,20250603,전체,합계,합계,44391871,15423607,34.74,1,1
제21대 대통령선거,20250603,전체,서울특별시,합계,8293885,2843337,34.28,2,2
제21대 대통령선거,20250603,전체,서울특별시,종로구,125901,47739,37.92,3,3
제21대 대통령선거,20250603,전체,서울특별시,중구,110181,38751,35.17,4,4
제21대 대통령선거,20250603,전체,서울특별시,용산구,183614,61958,33.74,5,5
제21대 대통령선거,20250603,전체,서울특별시,성동구,244536,81807,33.45,6,6
제21대 대통령선거,20250603,전체,서울특별시,광진구,301007,105745,35.13,7,7
제21대 대통령선거,20250603,전체,서울특별시,동대문구,307846,104031,33.79,8,8
제21대 대통령선거,20250603,전체,서울특별시,중랑구,342360,121461,35.48,9,9
제21대 대통령선거,20250603,전체,서울특별시,성북구,374002,135882,36.33,10,10
제21대 대통령선거,20250603,전체,서울특별시,강북구,257971,92224,35.75,11,11
제21대 대통령선거,20250603,전체,서울특별시,도봉구,272942,97352,35.67,12,12
제21대 대통령선거,20250603,전체,서울특별시,노원구,430719,149633,34.74,13,13
제21대 대통령선거,20250603,전체,서울특별시,은평구,411789,153003,37.16,14,14
제21대 대통령선거,20250603,전체,서울특별시,서대문구,269110,96036,35.69,15,15
제21대 대통령선거,20250603,전체,서울특별시,마포구,321302,113129,35.21,16,16
제21대 대통령선거,20250603,전체,서울특별시,양천구,368029,124740,33.89,17,17
제21대 대통령선거,20250603,전체,서울특별시,강서구,493010,172104,34.91,18,18
제21대 대통령선거,20250603,전체,서울특별시,구로구,344220,118469,34.42,19,19
제21대 대통령선거,20250603,전체,서울특별시,금천구,206121,71909,34.89,20,20
제21대 대통령선거,20250603,전체,서울특별시,영등포구,335136,112768,33.65,21,21
제21대 대통령선거,20250603,전체,서울특별시,동작구,337985,123134,36.43,22,22
제21대 대통령선거,20250603,전체,서울특별시,관악구,446923,159976,35.79,23,23
제21대 대통령선거,20250603,전체,서울특별시,서초구,345855,99224,28.69,24,24
제21대 대통령선거,20250603,전체,서울특별시,강남구,472730,128617,27.21,25,25
제21대 대통령선거,20250603,전체,서울특별시,송파구,561654,184725,32.89,26,26
제21대 대통령선거,20250603,전체,서울특별시,강동구,428942,148920,34.72,27,27
제21대 대통령선거,20250603,전체,부산광역시,합계,2865552,870147,30.37,28,28
제21대 대통령선거,20250603,전체,부산광역시,중구,35284,11405,32.32,29,29
제21대 대통령선거,20250603,전체,부산광역시,서구,92886,29915,32.21,30,30
제21대 대통령선거,20250603,전체,부산광역시,동구,77893,26158,33.58,31,31
제21대 대통령선거,20250603,전체,부산광역시,영도구,93909,31647,33.7,32,32
제21대 대통령선거,20250603,전체,부산광역시,부산진구,325663,98766,30.33,33,33
제21대 대통령선거,20250603,전체,부산광역시,동래구,235338,73452,31.21,34,34
제21대 대통령선거,20250603,전체,부산광역시,남구,222856,69049,30.98,35,35
제21대 대통령선거,20250603,전체,부산광역시,북구,234995,67739,28.83,36,36
제21대 대통령선거,20250603,전체,부산광역시,해운대구,325211,98067,30.15,37,37
제21대 대통령선거,20250603,전체,부산광역시,기장군,145228,41175,28.35,38,38
제21대 대통령선거,20250603,전체,부산광역시,사하구,258595,75197,29.08,39,39
제21대 대통령선거,20250603,전체,부산광역시,금정구,188148,62682,33.32,40,40
제21대 대통령선거,20250603,전체,부산광역시,강서구,112618,33214,29.49,41,41
제21대 대통령선거,20250603,전체,부산광역시,연제구,184908,54415,29.43,42,42
제21대 대통령선거,20250603,전체,부산광역시,수영구,153669,46845,30.48,43,43
제21대 대통령선거,20250603,전체,부산광역시,사상구,178351,50421,28.27,44,44
제21대 대통령선거,20250603,전체,대구광역시,합계,2049078,525257,25.63,45,45
제21대 대통령선거,20250603,전체,대구광역시,중구,85181,23832,27.98,46,46
제21대 대통령선거,20250603,전체,대구광역시,동구,300119,78977,26.32,47,47
제21대 대통령선거,20250603,전체,대구광역시,서구,147381,38015,25.79,48,48
제21대 대통령선거,20250603,전체,대구광역시,남구,125079,32185,25.73,49,49
제21대 대통령선거,20250603,전체,대구광역시,북구,358624,90135,25.13,50,50
제21대 대통령선거,20250603,전체,대구광역시,수성구,346438,94980,27.42,51,51
제21대 대통령선거,20250603,전체,대구광역시,달서구,452664,110405,24.39,52,52
제21대 대통령선거,20250603,전체,대구광역시,달성군,212190,47976,22.61,53,53
제21대 대통령선거,20250603,전체,대구광역시,군위군,21402,8752,40.89,54,54
제21대 대통령선거,20250603,전체,인천광역시,합계,2619348,858899,32.79,55,55
제21대 대통령선거,20250603,전체,인천광역시,중구,146414,50715,34.64,56,56
제21대 대통령선거,20250603,전체,인천광역시,동구,51663,17605,34.08,57,57
제21대 대통령선거,20250603,전체,인천광역시,미추홀구,366830,115275,31.42,58,58
제21대 대통령선거,20250603,전체,인천광역시,연수구,332596,107964,32.46,59,59
제21대 대통령선거,20250603,전체,인천광역시,남동구,421631,133025,31.55,60,60
제21대 대통령선거,20250603,전체,인천광역시,부평구,435944,144411,33.13,61,61
제21대 대통령선거,20250603,전체,인천광역시,계양구,248733,81870,32.91,62,62
제21대 대통령선거,20250603,전체,인천광역시,서구,533584,175523,32.9,63,63
제21대 대통령선거,20250603,전체,인천광역시,강화군,63399,24410,38.5,64,64
제21대 대통령선거,20250603,전체,인천광역시,옹진군,18554,8101,43.66,65,65
제21대 대통령선거,20250603,전체,광주광역시,합계,1194471,622587,52.12,66,66
제21대 대통령선거,20250603,전체,광주광역시,동구,92286,50820,55.07,67,67
제21대 대통령선거,20250603,전체,광주광역시,서구,240133,124694,51.93,68,68
제21대 대통령선거,20250603,전체,광주광역시,남구,176412,97131,55.06,69,69
제21대 대통령선거,20250603,전체,광주광역시,북구,362472,194601,53.69,70,70
제21대 대통령선거,20250603,전체,광주광역시,광산구,323168,155341,48.07,71,71
제21대 대통령선거,20250603,전체,대전광역시,합계,1241882,420753,33.88,72,72
제21대 대통령선거,20250603,전체,대전광역시,동구,194244,65038,33.48,73,73
제21대 대통령선거,20250603,전체,대전광역시,중구,196407,64277,32.73,74,74
제21대 대통령선거,20250603,전체,대전광역시,서구,396043,133848,33.8,75,75
제21대 대통령선거,20250603,전체,대전광역시,유성구,307342,110027,35.8,76,76
제21대 대통령선거,20250603,전체,대전광역시,대덕구,147846,47563,32.17,77,77
제21대 대통령선거,20250603,전체,울산광역시,합계,934509,299135,32.01,78,78
제21대 대통령선거,20250603,전체,울산광역시,중구,178000,55952,31.43,79,79
제21대 대통령선거,20250603,전체,울산광역시,남구,263759,80050,30.35,80,80
제21대 대통령선거,20250603,전체,울산광역시,동구,126811,42742,33.71,81,81
제21대 대통령선거,20250603,전체,울산광역시,북구,176478,58291,33.03,82,82
제21대 대통령선거,20250603,전체,울산광역시,울주군,189461,62100,32.78,83,83
제21대 대통령선거,20250603,전체,세종특별자치시,합계,307067,126398,41.16,84,84
제21대 대통령선거,20250603,전체,세종특별자치시,세종특별자치시,307067,126398,41.16,85,85
제21대 대통령선거,20250603,전체,경기도,합계,11715343,3852191,32.88,86,86
제21대 대통령선거,20250603,전체,경기도,수원시장안구,238889,77998,32.65,87,87
제21대 대통령선거,20250603,전체,경기도,수원시권선구,313951,96083,30.6,88,88
제21대 대통령선거,20250603,전체,경기도,수원시팔달구,172558,53333,30.91,89,89
제21대 대통령선거,20250603,전체,경기도,수원시영통구,301242,98295,32.63,90,90
제21대 대통령선거,20250603,전체,경기도,성남시수정구,208154,78542,37.73,91,91
제21대 대통령선거,20250603,전체,경기도,성남시중원구,184068,68305,37.11,92,92
제21대 대통령선거,20250603,전체,경기도,성남시분당구,397014,126169,31.78,93,93
제21대 대통령선거,20250603,전체,경기도,의정부시,402095,133097,33.1,94,94
제21대 대통령선거,20250603,전체,경기도,안양시만안구,208500,73269,35.14,95,95
제21대 대통령선거,20250603,전체,경기도,안양시동안구,279415,99838,35.73,96,96
제21대 대통령선거,20250603,전체,경기도,부천시원미구,341688,119967,35.11,97,97
제21대 대통령선거,20250603,전체,경기도,부천시소사구,197016,70252,35.66,98,98
제21대 대통령선거,20250603,전체,경기도,부천시오정구,136399,44479,32.61,99,99
제21대 대통령선거,20250603,전체,경기도,광명시,244138,89971,36.85,100,100
제21대 대통령선거,20250603,전체,경기도,평택시,506849,147356,29.07,101,101
제21대 대통령선거,20250603,전체,경기도,양주시,245241,80712,32.91,102,102
제21대 대통령선거,20250603,전체,경기도,동두천시,76927,25804,33.54,103,103
제21대 대통령선거,20250603,전체,경기도,안산시상록구,287897,86874,30.18,104,104
제21대 대통령선거,20250603,전체,경기도,안산시단원구,255796,77498,30.3,105,105
제21대 대통령선거,20250603,전체,경기도,고양시덕양구,424683,145799,34.33,106,106
제21대 대통령선거,20250603,전체,경기도,고양시일산동구,255448,83667,32.75,107,107
제21대 대통령선거,20250603,전체,경기도,고양시일산서구,243541,80741,33.15,108,108
제21대 대통령선거,20250603,전체,경기도,과천시,68790,24307,35.34,109,109
제21대 대통령선거,20250603,전체,경기도,의왕시,133116,44755,33.62,110,110
제21대 대통령선거,20250603,전체,경기도,구리시,162776,52683,32.37,111,111
제21대 대통령선거,20250603,전체,경기도,남양주시,617951,189880,30.73,112,112
제21대 대통령선거,20250603,전체,경기도,오산시,205448,59055,28.74,113,113
제21대 대통령선거,20250603,전체,경기도,화성시갑,443085,141292,31.89,114,114
제21대 대통령선거,20250603,전체,경기도,화성시을,347519,116182,33.43,115,115
제21대 대통령선거,20250603,전체,경기도,시흥시,433899,141761,32.67,116,116
제21대 대통령선거,20250603,전체,경기도,군포시,222936,74527,33.43,117,117
제21대 대통령선거,20250603,전체,경기도,하남시,272865,98996,36.28,118,118
제21대 대통령선거,20250603,전체,경기도,파주시,433087,136079,31.42,119,119
제21대 대통령선거,20250603,전체,경기도,여주시,101401,35351,34.86,120,120
제21대 대통령선거,20250603,전체,경기도,이천시,191335,64299,33.61,121,121
제21대 대통령선거,20250603,전체,경기도,용인시처인구,241014,77393,32.11,122,122
제21대 대통령선거,20250603,전체,경기도,용인시수지구,309712,102463,33.08,123,123
제21대 대통령선거,20250603,전체,경기도,용인시기흥구,366811,121951,33.25,124,124
제21대 대통령선거,20250603,전체,경기도,안성시,170398,57833,33.94,125,125
제21대 대통령선거,20250603,전체,경기도,김포시,398834,120545,30.22,126,126
제21대 대통령선거,20250603,전체,경기도,광주시,339630,114001,33.57,127,127
제21대 대통령선거,20250603,전체,경기도,포천시,127307,43251,33.97,128,128
제21대 대통령선거,20250603,전체,경기도,연천군,36974,13092,35.41,129,129
제21대 대통령선거,20250603,전체,경기도,양평군,112680,43907,38.97,130,130
제21대 대통령선거,20250603,전체,경기도,가평군,56266,20539,36.5,131,131
제21대 대통령선거,20250603,전체,강원특별자치도,합계,1327019,485739,36.6,132,132
제21대 대통령선거,20250603,전체,강원특별자치도,춘천시,247155,88050,35.63,133,133
제21대 대통령선거,20250603,전체,강원특별자치도,원주시,309973,110004,35.49,134,134
제21대 대통령선거,20250603,전체,강원특별자치도,강릉시,183191,62385,34.05,135,135
제21대 대통령선거,20250603,전체,강원특별자치도,동해시,75688,27047,35.73,136,136
제21대 대통령선거,20250603,전체,강원특별자치도,삼척시,55205,22719,41.15,137,137
제21대 대통령선거,20250603,전체,강원특별자치도,태백시,33422,13583,40.64,138,138
제21대 대통령선거,20250603,전체,강원특별자치도,정선군,30577,12206,39.92,139,139
제21대 대통령선거,20250603,전체,강원특별자치도,속초시,70334,25509,36.27,140,140
제21대 대통령선거,20250603,전체,강원특별자치도,고성군,24393,9396,38.52,141,141
제21대 대통령선거,20250603,전체,강원특별자치도,양양군,24980,9773,39.12,142,142
제21대 대통령선거,20250603,전체,강원특별자치도,인제군,27383,11178,40.82,143,143
제21대 대통령선거,20250603,전체,강원특별자치도,홍천군,59907,22433,37.45,144,144
제21대 대통령선거,20250603,전체,강원특별자치도,횡성군,41725,16665,39.94,145,145
제21대 대통령선거,20250603,전체,강원특별자치도,영월군,33250,13178,39.63,146,146
제21대 대통령선거,20250603,전체,강원특별자치도,평창군,36753,15058,40.97,147,147
제21대 대통령선거,20250603,전체,강원특별자치도,화천군,20014,8022,40.08,148,148
제21대 대통령선거,20250603,전체,강원특별자치도,양구군,17713,6795,38.36,149,149
제21대 대통령선거,20250603,전체,강원특별자치도,철원군,35356,11738,33.2,150,150
제21대 대통령선거,20250603,전체,충청북도,합계,1379142,465011,33.72,151,151
제21대 대통령선거,20250603,전체,충청북도,청주시상당구,167297,52524,31.4,152,152
제21대 대통령선거,20250603,전체,충청북도,청주시서원구,158412,50823,32.08,153,153
제21대 대통령선거,20250603,전체,충청북도,청주시흥덕구,242536,72596,29.93,154,154
제21대 대통령선거,20250603,전체,충청북도,청주시청원구,158716,44619,28.11,155,155
제21대 대통령선거,20250603,전체,충청북도,충주시,181665,63569,34.99,156,156
제21대 대통령선거,20250603,전체,충청북도,제천시,113975,42437,37.23,157,157
제21대 대통령선거,20250603,전체,충청북도,단양군,25010,10037,40.13,158,158
제21대 대통령선거,20250603,전체,충청북도,영동군,39554,16696,42.21,159,159
제21대 대통령선거,20250603,전체,충청북도,보은군,27900,12163,43.59,160,160
제21대 대통령선거,20250603,전체,충청북도,옥천군,43863,18151,41.38,161,161
제21대 대통령선거,20250603,전체,충청북도,음성군,81862,29743,36.33,162,162
제21대 대통령선거,20250603,전체,충청북도,진천군,72896,26012,35.68,163,163
제21대 대통령선거,20250603,전체,충청북도,괴산군,33528,14226,42.43,164,164
제21대 대통령선거,20250603,전체,충청북도,증평군,31928,11415,35.75,165,165
제21대 대통령선거,20250603,전체,충청남도,합계,1839339,595661,32.38,166,166
제21대 대통령선거,20250603,전체,충청남도,천안시서북구,335343,93625,27.92,167,167
제21대 대통령선거,20250603,전체,충청남도,천안시동남구,225516,65774,29.17,168,168
제21대 대통령선거,20250603,전체,충청남도,공주시,91037,33074,36.33,169,169
제21대 대통령선거,20250603,전체,충청남도,보령시,82897,30924,37.3,170,170
제21대 대통령선거,20250603,전체,충청남도,아산시,294314,85580,29.08,171,171
제21대 대통령선거,20250603,전체,충청남도,서산시,148454,51185,34.48,172,172
제21대 대통령선거,20250603,전체,충청남도,태안군,54627,20502,37.53,173,173
제21대 대통령선거,20250603,전체,충청남도,금산군,44528,15518,34.85,174,174
제21대 대통령선거,20250603,전체,충청남도,논산시,95971,32527,33.89,175,175
제21대 대통령선거,20250603,전체,충청남도,계룡시,37839,14791,39.09,176,176
제21대 대통령선거,20250603,전체,충청남도,당진시,146196,51540,35.25,177,177
제21대 대통령선거,20250603,전체,충청남도,부여군,54218,19278,35.56,178,178
제21대 대통령선거,20250603,전체,충청남도,서천군,44051,16702,37.92,179,179
제21대 대통령선거,20250603,전체,충청남도,홍성군,86128,30909,35.89,180,180
제21대 대통령선거,20250603,전체,충청남도,청양군,27165,10491,38.62,181,181
제21대 대통령선거,20250603,전체,충청남도,예산군,71055,23241,32.71,182,182
제21대 대통령선거,20250603,전체,전북특별자치도,합계,1510908,800975,53.01,183,183
제21대 대통령선거,20250603,전체,전북특별자치도,전주시완산구,277170,135363,48.84,184,184
제21대 대통령선거,20250603,전체,전북특별자치도,전주시덕진구,261733,127686,48.78,185,185
제21대 대통령선거,20250603,전체,전북특별자치도,군산시,221550,110091,49.69,186,186
제21대 대통령선거,20250603,전체,전북특별자치도,익산시,234688,122155,52.05,187,187
제21대 대통령선거,20250603,전체,전북특별자치도,정읍시,90401,51555,57.03,188,188
제21대 대통령선거,20250603,전체,전북특별자치도,남원시,66857,40973,61.28,189,189
제21대 대통령선거,20250603,전체,전북특별자치도,김제시,73203,43045,58.8,190,190
제21대 대통령선거,20250603,전체,전북특별자치도,완주군,86947,47586,54.73,191,191
제21대 대통령선거,20250603,전체,전북특별자치도,진안군,22236,14035,63.12,192,192
제21대 대통령선거,20250603,전체,전북특별자치도,무주군,20899,12332,59.01,193,193
제21대 대통령선거,20250603,전체,전북특별자치도,장수군,18588,11539,62.08,194,194
제21대 대통령선거,20250603,전체,전북특별자치도,임실군,23342,14494,62.09,195,195
제21대 대통령선거,20250603,전체,전북특별자치도,순창군,24184,16772,69.35,196,196
제21대 대통령선거,20250603,전체,전북특별자치도,고창군,45723,27748,60.69,197,197
제21대 대통령선거,20250603,전체,전북특별자치도,부안군,43387,25601,59.01,198,198
제21대 대통령선거,20250603,전체,전라남도,합계,1559431,881109,56.5,199,199
제21대 대통령선거,20250603,전체,전라남도,목포시,177671,98570,55.48,200,200
제21대 대통령선거,20250603,전체,전라남도,여수시,231349,118435,51.19,201,201
제21대 대통령선거,20250603,전체,전라남도,순천시,234321,119360,50.94,202,202
제21대 대통령선거,20250603,전체,전라남도,나주시,99973,58778,58.79,203,203
제21대 대통령선거,20250603,전체,전라남도,광양시,131128,67375,51.38,204,204
제21대 대통령선거,20250603,전체,전라남도,담양군,40385,25464,63.05,205,205
제21대 대통령선거,20250603,전체,전라남도,장성군,38328,24739,64.55,206,206
제21대 대통령선거,20250603,전체,전라남도,곡성군,24642,15956,64.75,207,207
제21대 대통령선거,20250603,전체,전라남도,구례군,21975,14189,64.57,208,208
제21대 대통령선거,20250603,전체,전라남도,고흥군,55564,34810,62.65,209,209
제21대 대통령선거,20250603,전체,전라남도,보성군,34072,20676,60.68,210,210
제21대 대통령선거,20250603,전체,전라남도,화순군,54306,30804,56.72,211,211
제21대 대통령선거,20250603,전체,전라남도,장흥군,31153,20057,64.38,212,212
제21대 대통령선거,20250603,전체,전라남도,강진군,28924,18138,62.71,213,213
제21대 대통령선거,20250603,전체,전라남도,완도군,40521,24911,61.48,214,214
제21대 대통령선거,20250603,전체,전라남도,해남군,56611,34801,61.47,215,215
제21대 대통령선거,20250603,전체,전라남도,진도군,25634,15970,62.3,216,216
제21대 대통령선거,20250603,전체,전라남도,영암군,45634,25667,56.25,217,217
제21대 대통령선거,20250603,전체,전라남도,무안군,77728,43939,56.53,218,218
제21대 대통령선거,20250603,전체,전라남도,영광군,46202,27594,59.72,219,219
제21대 대통령선거,20250603,전체,전라남도,함평군,27478,17368,63.21,220,220
제21대 대통령선거,20250603,전체,전라남도,신안군,35832,23508,65.61,221,221
제21대 대통령선거,20250603,전체,경상북도,합계,2213614,697660,31.52,222,222
제21대 대통령선거,20250603,전체,경상북도,포항시북구,233819,62500,26.73,223,223
제21대 대통령선거,20250603,전체,경상북도,포항시남구,189163,51657,27.31,224,224
제21대 대통령선거,20250603,전체,경상북도,울릉군,8412,3556,42.27,225,225
제21대 대통령선거,20250603,전체,경상북도,경주시,217320,70481,32.43,226,226
제21대 대통령선거,20250603,전체,경상북도,김천시,117773,42500,36.09,227,227
제21대 대통령선거,20250603,전체,경상북도,안동시,136331,47963,35.18,228,228
제21대 대통령선거,20250603,전체,경상북도,구미시,338629,93191,27.52,229,229
제21대 대통령선거,20250603,전체,경상북도,영주시,86901,29897,34.4,230,230
제21대 대통령선거,20250603,전체,경상북도,영천시,87894,28497,32.42,231,231
제21대 대통령선거,20250603,전체,경상북도,상주시,81951,31338,38.24,232,232
제21대 대통령선거,20250603,전체,경상북도,문경시,59787,23274,38.93,233,233
제21대 대통령선거,20250603,전체,경상북도,예천군,46657,18291,39.2,234,234
제21대 대통령선거,20250603,전체,경상북도,경산시,232652,60313,25.92,235,235
제21대 대통령선거,20250603,전체,경상북도,청도군,37770,13077,34.62,236,236
제21대 대통령선거,20250603,전체,경상북도,고령군,27768,9092,32.74,237,237
제21대 대통령선거,20250603,전체,경상북도,성주군,38236,16464,43.06,238,238
제21대 대통령선거,20250603,전체,경상북도,칠곡군,92234,25371,27.51,239,239
제21대 대통령선거,20250603,전체,경상북도,의성군,45733,18271,39.95,240,240
제21대 대통령선거,20250603,전체,경상북도,청송군,22070,8330,37.74,241,241
제21대 대통령선거,20250603,전체,경상북도,영양군,14161,5542,39.14,242,242
제21대 대통령선거,20250603,전체,경상북도,영덕군,30579,12027,39.33,243,243
제21대 대통령선거,20250603,전체,경상북도,봉화군,26412,10267,38.87,244,244
제21대 대통령선거,20250603,전체,경상북도,울진군,41362,15761,38.11,245,245
제21대 대통령선거,20250603,전체,경상남도,합계,2776028,880284,31.71,246,246
제21대 대통령선거,20250603,전체,경상남도,창원시의창구,181085,51469,28.42,247,247
제21대 대통령선거,20250603,전체,경상남도,창원시성산구,208940,60335,28.88,248,248
제21대 대통령선거,20250603,전체,경상남도,창원시마산합포구,154518,48188,31.19,249,249
제21대 대통령선거,20250603,전체,경상남도,창원시마산회원구,156251,43742,27.99,250,250
제21대 대통령선거,20250603,전체,경상남도,창원시진해구,157266,46856,29.79,251,251
제21대 대통령선거,20250603,전체,경상남도,진주시,289796,95925,33.1,252,252
제21대 대통령선거,20250603,전체,경상남도,통영시,102203,35402,34.64,253,253
제21대 대통령선거,20250603,전체,경상남도,고성군,43287,15350,35.46,254,254
제21대 대통령선거,20250603,전체,경상남도,사천시,94356,33141,35.12,255,255
제21대 대통령선거,20250603,전체,경상남도,김해시,448630,134087,29.89,256,256
제21대 대통령선거,20250603,전체,경상남도,밀양시,90650,31041,34.24,257,257
제21대 대통령선거,20250603,전체,경상남도,거제시,192259,64499,33.55,258,258
제21대 대통령선거,20250603,전체,경상남도,의령군,23294,8891,38.17,259,259
제21대 대통령선거,20250603,전체,경상남도,함안군,51990,17360,33.39,260,260
제21대 대통령선거,20250603,전체,경상남도,창녕군,50638,18247,36.03,261,261
제21대 대통령선거,20250603,전체,경상남도,양산시,303506,83515,27.52,262,262
제21대 대통령선거,20250603,전체,경상남도,하동군,37540,16904,45.03,263,263
제21대 대통령선거,20250603,전체,경상남도,남해군,36504,15086,41.33,264,264
제21대 대통령선거,20250603,전체,경상남도,함양군,32702,13586,41.54,265,265
제21대 대통령선거,20250603,전체,경상남도,산청군,30968,12727,41.1,266,266
제21대 대통령선거,20250603,전체,경상남도,거창군,52316,20257,38.72,267,267
제21대 대통령선거,20250603,전체,경상남도,합천군,37329,13676,36.64,268,268
제21대 대통령선거,20250603,전체,제주특별자치도,합계,565255,198464,35.11,269,269
제21대 대통령선거,20250603,전체,제주특별자치도,제주시,409912,140694,34.32,270,270
제21대 대통령선거,20250603,전체,제주특별자치도,서귀포시,155343,57770,37.19,271,271
