선거명,시도명,구시군명,절대량위험_구,표준편차_구,전국평균표준편차_구,비율위험_구,Risk_index_50_구,비율위험_구_pct
제6회 전국동시지방선거,강원도,강릉시,-7422.0,0.031091056262289106,0.037686614594260814,0.8249893655086725,-0.04206767556538004,31.07569721115538
제6회 전국동시지방선거,강원도,고성군,1229.5,0.06274627687922621,0.037686614594260814,1.6649486178252173,0.04686487516676196,97.60956175298804
제6회 전국동시지방선거,강원도,동해시,-3823.0,0.024153224532061802,0.037686614594260814,0.6408966364344126,-0.0504380178373529,13.545816733067728
제6회 전국동시지방선거,강원도,삼척시,751.5,0.05398856453380198,0.037686614594260814,1.4325660480531393,0.01220026949364417,92.03187250996015
제6회 전국동시지방선거,강원도,속초시,-3889.5,0.021037316078983976,0.037686614594260814,0.5582171894577044,-0.05824610270003145,6.772908366533864
제6회 전국동시지방선거,강원도,양구군,781.0,0.027699599408709488,0.037686614594260814,0.7349983464136304,0.040851553509781355,21.91235059760956
제6회 전국동시지방선거,강원도,양양군,1537.5,0.03197986946260235,0.037686614594260814,0.8485736860925809,0.06463614579392105,34.26294820717131
제6회 전국동시지방선거,강원도,영월군,909.5,0.03265758550912632,0.037686614594260814,0.8665566239027384,0.02653692410935722,35.85657370517929
제6회 전국동시지방선거,강원도,원주시,-16926.0,0.037049602198700675,0.037686614594260814,0.9830971181036476,-0.0658373786407767,49.800796812749006
제6회 전국동시지방선거,강원도,인제군,679.5,0.050647568652391436,0.037686614594260814,1.343913991682989,0.025544152475470847,87.25099601593625
제6회 전국동시지방선거,강원도,정선군,781.5,0.05325646222635811,0.037686614594260814,1.41313999147242,0.022964356028327113,91.23505976095618
제6회 전국동시지방선거,강원도,철원군,762.0,0.06114293417158,0.037686614594260814,1.6224045282351067,0.01979220779220779,96.01593625498009
제6회 전국동시지방선거,강원도,춘천시,-7556.5,0.04033929565762259,0.037686614594260814,1.070387884184369,-0.03431699796091681,60.95617529880478
제6회 전국동시지방선거,강원도,태백시,-1590.0,0.0242277372390987,0.037686614594260814,0.642873802806057,-0.039680559021712004,13.94422310756972
제6회 전국동시지방선거,강원도,평창군,466.0,0.05196939857206356,0.037686614594260814,1.3789882463992358,0.01254171600818172,90.43824701195219
제6회 전국동시지방선거,강원도,홍천군,488.0,0.04704632561068983,0.037686614594260814,1.248356375790103,0.008269784782240299,78.08764940239044
제6회 전국동시지방선거,강원도,화천군,58.0,0.054611913980450864,0.037686614594260814,1.4491063887910896,0.002835076742594584,93.22709163346613
제6회 전국동시지방선거,강원도,횡성군,967.5,0.01970394325532868,0.037686614594260814,0.5228366481697546,0.025231451297431217,3.9840637450199203
제6회 전국동시지방선거,경기도,가평군,-136.5,0.02596588100521956,0.037686614594260814,0.6889947872678867,-0.0026517727051966976,18.725099601593627
제6회 전국동시지방선거,경기도,고양시덕양구,-22977.5,0.041636918426583354,0.037686614594260814,1.1048198113535017,-0.06895904923395507,64.5418326693227
제6회 전국동시지방선거,경기도,고양시일산동구,-17946.0,0.0483309458398011,0.037686614594260814,1.2824432855043784,-0.07921220360528965,80.87649402390437
제6회 전국동시지방선거,경기도,고양시일산서구,-12064.5,0.03595533007139495,0.037686614594260814,0.9540610229519126,-0.05251485407099484,45.81673306772908
제6회 전국동시지방선거,경기도,과천시,1959.5,0.02982339526652024,0.037686614594260814,0.7913524626078235,0.035128448754952406,26.693227091633464
제6회 전국동시지방선거,경기도,광명시,-10273.5,0.039327136940828046,0.037686614594260814,1.0435306371832365,-0.03695011814974266,56.573705179282875
제6회 전국동시지방선거,경기도,광주시,-23522.5,0.047074388858453706,0.037686614594260814,1.2491010234074602,-0.10179683476650236,78.48605577689243
제6회 전국동시지방선거,경기도,구리시,-7528.5,0.0570336833858867,0.037686614594260814,1.5133671198625571,-0.05020573112908711,94.82071713147411
제6회 전국동시지방선거,경기도,군포시,-4576.0,0.04529656616698448,0.037686614594260814,1.201927173736708,-0.020256930118903223,74.10358565737052
제6회 전국동시지방선거,경기도,김포시,-17775.0,0.031018524194616308,0.037686614594260814,0.823064754650051,-0.07163179444193694,30.677290836653388
제6회 전국동시지방선거,경기도,남양주시,-45321.0,0.03705249434796458,0.037686614594260814,0.9831738601855523,-0.09358081181421356,50.199203187250994
제6회 전국동시지방선거,경기도,동두천시,-6615.0,0.03228616548361076,0.037686614594260814,0.856701134639128,-0.08431907408351604,34.66135458167331
제6회 전국동시지방선거,경기도,부천시소사구,-14218.0,0.036567791059424246,0.037686614594260814,0.9703124425772394,-0.07564938865418791,48.20717131474104
제6회 전국동시지방선거,경기도,부천시오정구,-18963.0,0.02108836512375278,0.037686614594260814,0.5595717564656038,-0.12450756381972897,7.171314741035857
제6회 전국동시지방선거,경기도,부천시원미구,-29134.5,0.04449115815060116,0.037686614594260814,1.180555978020286,-0.08127843817739006,72.11155378486056
제6회 전국동시지방선거,경기도,성남시분당구,-5898.0,0.018050191794355117,0.037686614594260814,0.47895498146187765,-0.015125636646201665,2.3904382470119523
제6회 전국동시지방선거,경기도,성남시수정구,-22442.0,0.03098316139826193,0.037686614594260814,0.8221264162841591,-0.11701095967548515,30.278884462151396
제6회 전국동시지방선거,경기도,성남시중원구,-22795.5,0.034317224737625884,0.037686614594260814,0.9105945202849809,-0.10768696588767165,41.832669322709165
제6회 전국동시지방선거,경기도,수원시권선구,-17551.0,0.054592012252228844,0.037686614594260814,1.448578303993973,-0.07600994352631396,92.82868525896414
제6회 전국동시지방선거,경기도,수원시영통구,-6413.0,0.03640428372564964,0.037686614594260814,0.9659738375967987,-0.026634714423364455,46.613545816733065
제6회 전국동시지방선거,경기도,수원시장안구,-8931.0,0.04909157410996309,0.037686614594260814,1.3026262676679667,-0.037737044924449854,83.26693227091634
제6회 전국동시지방선거,경기도,수원시팔달구,-17416.5,0.045333859714066664,0.037686614594260814,1.2029167438396131,-0.08556752693560511,74.5019920318725
제6회 전국동시지방선거,경기도,시흥시,-34324.0,0.0669838425810576,0.037686614594260814,1.7773908137468624,-0.112079099292077,98.80478087649402
제6회 전국동시지방선거,경기도,안산시단원구,-28318.0,0.05029105330255459,0.037686614594260814,1.3344539923257863,-0.10845653006510915,85.65737051792829
제6회 전국동시지방선거,경기도,안산시상록구,-32255.0,0.042866943788205006,0.037686614594260814,1.1374580670011438,-0.10754893134607049,68.12749003984064
제6회 전국동시지방선거,경기도,안성시,-12218.0,0.03919537946826591,0.037686614594260814,1.040034502707358,-0.08458055851689811,55.77689243027888
제6회 전국동시지방선거,경기도,안양시동안구,-3980.0,0.03776746732488024,0.037686614594260814,1.0021453964886444,-0.014196742596648427,51.79282868525896
제6회 전국동시지방선거,경기도,안양시만안구,-11518.5,0.03946677902737698,0.037686614594260814,1.0472359868956567,-0.05591531997728144,56.97211155378486
제6회 전국동시지방선거,경기도,양주시,-14240.0,0.02304968079445316,0.037686614594260814,0.6116145226258484,-0.09165336491426807,10.358565737051793
제6회 전국동시지방선거,경기도,양평군,-3118.0,0.022345791415192023,0.037686614594260814,0.5929370853755328,-0.03559279468505285,7.968127490039841
제6회 전국동시지방선거,경기도,여주시,-7557.0,0.04038145511582789,0.037686614594260814,1.0715065693902224,-0.0845869711215581,61.354581673306775
제6회 전국동시지방선거,경기도,연천군,-1308.5,0.08195652143854461,0.037686614594260814,2.174685158667065,-0.034206467466603926,100.0
제6회 전국동시지방선거,경기도,오산시,-17483.5,0.07288541186739997,0.037686614594260814,1.9339867125793644,-0.1121074939244516,99.60159362549801
제6회 전국동시지방선거,경기도,용인시기흥구,-11598.0,0.024945867429459673,0.037686614594260814,0.6619291145684019,-0.03612971558518426,16.334661354581673
제6회 전국동시지방선거,경기도,용인시수지구,-5896.0,0.020687856055906964,0.037686614594260814,0.5489444005155469,-0.025469122576631992,5.9760956175298805
제6회 전국동시지방선거,경기도,용인시처인구,-17250.0,0.02063071145894421,0.037686614594260814,0.5474280903460614,-0.10119794905489915,5.577689243027888
제6회 전국동시지방선거,경기도,의왕시,-2973.0,0.018370655681759145,0.037686614594260814,0.4874583689604414,-0.02336419219464659,2.788844621513944
제6회 전국동시지방선거,경기도,의정부시,-31620.0,0.04390460731245614,0.037686614594260814,1.1649920743781068,-0.09146447290777188,70.5179282868526
제6회 전국동시지방선거,경기도,이천시,-15123.5,0.0228187226283985,0.037686614594260814,0.6054861354374212,-0.09467987203646085,9.56175298804781
제6회 전국동시지방선거,경기도,파주시,-26389.0,0.051982207221957025,0.037686614594260814,1.379328119057774,-0.0840831750806133,90.83665338645417
제6회 전국동시지방선거,경기도,평택시,-36153.5,0.036879719401539064,0.037686614594260814,0.9785893426244598,-0.10400622538541868,49.40239043824701
제6회 전국동시지방선거,경기도,포천시,-11895.5,0.04491999074498452,0.037686614594260814,1.1919348879860716,-0.09335881397301773,73.30677290836654
제6회 전국동시지방선거,경기도,하남시,-6714.0,0.039743175674767664,0.037686614594260814,1.0545700669229132,-0.056770331287098574,58.56573705179283
제6회 전국동시지방선거,경기도,화성시,-38645.5,0.037972539815995715,0.037686614594260814,1.0075869171272933,-0.09774984760377488,52.98804780876494
제6회 전국동시지방선거,경상남도,거제시,-13145.0,0.03962642176523498,0.037686614594260814,1.0514720462917244,-0.07121881975597599,57.76892430278885
제6회 전국동시지방선거,경상남도,거창군,1055.5,0.029048145171018943,0.037686614594260814,0.7707814958641205,0.020268064596654953,25.099601593625497
제6회 전국동시지방선거,경상남도,고성군,1072.5,0.05193622277534833,0.037686614594260814,1.3781079392378628,0.02239647503497818,89.64143426294821
제6회 전국동시지방선거,경상남도,김해시,-23372.5,0.022350410875278216,0.037686614594260814,0.5930596609938504,-0.058681674043982696,8.366533864541832
제6회 전국동시지방선거,경상남도,남해군,2729.5,0.03649456946225116,0.037686614594260814,0.9683695353153002,0.06604001838813481,47.01195219123506
제6회 전국동시지방선거,경상남도,밀양시,-143.0,0.028576308727091992,0.037686614594260814,0.758261495089129,-0.001561408106219427,24.701195219123505
제6회 전국동시지방선거,경상남도,사천시,1445.0,0.04292716469125522,0.037686614594260814,1.1390560057838803,0.0153315649867374,68.52589641434263
제6회 전국동시지방선거,경상남도,산청군,-117.0,0.047038122233123196,0.037686614594260814,1.2481387022830779,-0.003721137332230774,77.68924302788844
제6회 전국동시지방선거,경상남도,양산시,-13323.5,0.033388288847737736,0.037686614594260814,0.885945559376998,-0.059974971978519115,38.24701195219124
제6회 전국동시지방선거,경상남도,의령군,1208.5,0.0368442995479401,0.037686614594260814,0.9776494902662606,0.04651476078672876,49.00398406374502
제6회 전국동시지방선거,경상남도,진주시,-1657.5,0.03282671243405906,0.037686614594260814,0.8710443425995114,-0.00618407846970641,36.65338645418327
제6회 전국동시지방선거,경상남도,창녕군,-2750.0,0.061828708172708975,0.037686614594260814,1.640601280809253,-0.050353389240853995,96.81274900398407
제6회 전국동시지방선거,경상남도,창원시마산합포구,-4239.0,0.028468349698817726,0.037686614594260814,0.7553968432906969,-0.02792490118577075,23.904382470119522
제6회 전국동시지방선거,경상남도,창원시마산회원구,-2480.0,0.025836129608108504,0.037686614594260814,0.6855518832419353,-0.01409747723371116,18.326693227091635
제6회 전국동시지방선거,경상남도,창원시성산구,-1669.5,0.04331312055834224,0.037686614594260814,1.1492971980809936,-0.008989193583993367,69.32270916334662
제6회 전국동시지방선거,경상남도,창원시의창구,-7166.5,0.02080527229202674,0.037686614594260814,0.5520599957310868,-0.035040068843113,6.374501992031872
제6회 전국동시지방선거,경상남도,창원시진해구,-9514.0,0.032399418245357636,0.037686614594260814,0.85970625364401,-0.06830550091179301,35.45816733067729
제6회 전국동시지방선거,경상남도,통영시,-2755.5,0.030262516252557825,0.037686614594260814,0.8030043711372901,-0.024699491757872376,27.88844621513944
제6회 전국동시지방선거,경상남도,하동군,1710.0,0.01987653145340338,0.037686614594260814,0.5274162104343094,0.039607170982535786,4.382470119521913
제6회 전국동시지방선거,경상남도,함안군,1175.5,0.03180640475489138,0.037686614594260814,0.8439708659778394,0.021102234987882596,33.067729083665334
제6회 전국동시지방선거,경상남도,함양군,1017.0,0.03267443746402182,0.037686614594260814,0.8670037841233348,0.029444122756224666,36.254980079681275
제6회 전국동시지방선거,경상남도,합천군,1648.0,0.05033871454042289,0.037686614594260814,1.3357186651647088,0.037533023594789106,86.05577689243027
제6회 전국동시지방선거,경상북도,경산시,-14776.0,0.05051443368229812,0.037686614594260814,1.3403813058334726,-0.0732609450146264,86.85258964143426
제6회 전국동시지방선거,경상북도,경주시,-8027.0,0.027983851856516584,0.037686614594260814,0.7425408771202857,-0.037004084417440374,22.31075697211155
제6회 전국동시지방선거,경상북도,고령군,-318.5,0.05912974180765073,0.037686614594260814,1.5689852337295223,-0.010565599601924033,95.2191235059761
제6회 전국동시지방선거,경상북도,구미시,-34502.0,0.06163834740161724,0.037686614594260814,1.6355501300720168,-0.10745073124548421,96.41434262948208
제6회 전국동시지방선거,경상북도,군위군,2061.0,0.025230558033539702,0.037686614594260814,0.669483271585291,0.0925626515763945,16.733067729083665
제6회 전국동시지방선거,경상북도,김천시,-5714.0,0.05080500594848709,0.037686614594260814,1.3480915305198051,-0.05122274813539874,88.04780876494024
제6회 전국동시지방선거,경상북도,문경시,-2635.5,0.04932600717512894,0.037686614594260814,1.3088468599840923,-0.041305540318156884,84.06374501992032
제6회 전국동시지방선거,경상북도,봉화군,2231.5,0.04600636574931728,0.037686614594260814,1.2207614359800696,0.07498571860613595,75.69721115537848
제6회 전국동시지방선거,경상북도,상주시,1564.5,0.047294401326729955,0.037686614594260814,1.2549389706639313,0.01777780302944218,79.2828685258964
제6회 전국동시지방선거,경상북도,성주군,-202.5,0.03371155799052981,0.037686614594260814,0.8945233832614841,-0.0051212665334715865,39.8406374501992
제6회 전국동시지방선거,경상북도,안동시,765.5,0.04947467057805183,0.037686614594260814,1.3127915868990307,0.005558581127691246,84.4621513944223
제6회 전국동시지방선거,경상북도,영덕군,1003.0,0.040464264465720386,0.037686614594260814,1.0737038840279003,0.028440991323087392,61.75298804780876
제6회 전국동시지방선거,경상북도,영양군,1192.5,0.048077343755880665,0.037686614594260814,1.2757140505584768,0.07376136574503618,80.47808764940238
제6회 전국동시지방선거,경상북도,영주시,2356.0,0.0405179724203538,0.037686614594260814,1.0751290041988586,0.025471371734993947,62.15139442231076
제6회 전국동시지방선거,경상북도,영천시,-388.0,0.033874841200002934,0.037686614594260814,0.8988560411887364,-0.00451173283099607,40.23904382470119
제6회 전국동시지방선거,경상북도,예천군,1967.0,0.05107033675661025,0.037686614594260814,1.3551319827063373,0.04947183098591549,88.44621513944223
제6회 전국동시지방선거,경상북도,울릉군,-455.0,0.0014265688127171217,0.037686614594260814,0.03785346144979469,-0.04869434931506849,0.398406374501992
제6회 전국동시지방선거,경상북도,울진군,165.5,0.030697945646665985,0.037686614594260814,0.8145583246774543,0.003793522360006418,28.286852589641438
제6회 전국동시지방선거,경상북도,의성군,2063.0,0.035203964970427895,0.037686614594260814,0.9341238354635601,0.04082561545159503,43.82470119521912
제6회 전국동시지방선거,경상북도,청도군,1903.0,0.042596576056217764,0.037686614594260814,1.1302839619535545,0.04872740308291084,67.72908366533864
제6회 전국동시지방선거,경상북도,청송군,2280.5,0.035915450306367835,0.037686614594260814,0.9530028285384194,0.09621145002742269,45.41832669322709
제6회 전국동시지방선거,경상북도,칠곡군,-7808.5,0.0515413701109343,0.037686614594260814,1.3676306738038335,-0.08136142456732623,89.2430278884462
제6회 전국동시지방선거,경상북도,포항시남구,-19829.0,0.043772601950576404,0.037686614594260814,1.1614893622533664,-0.09859287987271281,70.1195219123506
제6회 전국동시지방선거,경상북도,포항시북구,-17715.0,0.04068158657563743,0.037686614594260814,1.0794704436474565,-0.08193802035152636,63.34661354581673
제6회 전국동시지방선거,광주광역시,광산구,-20774.5,0.03369793767708217,0.037686614594260814,0.8941619734189108,-0.07266987319632706,39.04382470119522
제6회 전국동시지방선거,광주광역시,남구,-9115.5,0.03481041487757726,0.037686614594260814,0.9236811332710801,-0.05299801740728036,43.42629482071713
제6회 전국동시지방선거,광주광역시,동구,-6087.5,0.04060952581038044,0.037686614594260814,1.0775583386193766,-0.07040420979587116,62.94820717131474
제6회 전국동시지방선거,광주광역시,북구,-24496.0,0.03182655710140987,0.037686614594260814,0.8445056008362355,-0.06961464135500739,33.86454183266932
제6회 전국동시지방선거,광주광역시,서구,-12324.5,0.03134893171480182,0.037686614594260814,0.8318319926665914,-0.050885421612627525,31.872509960159363
제6회 전국동시지방선거,대구광역시,남구,-11616.5,0.0267973679623963,0.037686614594260814,0.7110579777701018,-0.08160806491271207,20.318725099601593
제6회 전국동시지방선거,대구광역시,달서구,-27869.5,0.02855842383723773,0.037686614594260814,0.7577869263318443,-0.05788358689443896,24.302788844621514
제6회 전국동시지방선거,대구광역시,달성군,-9834.5,0.022119411636851827,0.037686614594260814,0.5869301839656441,-0.06782367018158496,7.569721115537849
제6회 전국동시지방선거,대구광역시,동구,-16182.5,0.02488612168466659,0.037686614594260814,0.6603437839294917,-0.05643476653635435,15.936254980079681
제6회 전국동시지방선거,대구광역시,북구,-24399.5,0.0238038904490045,0.037686614594260814,0.6316271892628299,-0.06993605306076822,12.350597609561753
제6회 전국동시지방선거,대구광역시,서구,-13261.0,0.01266804905869401,0.037686614594260814,0.3361418688062045,-0.07241857620306254,1.1952191235059761
제6회 전국동시지방선거,대구광역시,수성구,-12661.0,0.032364050143890315,0.037686614594260814,0.8587677745089617,-0.0352658377342514,35.0597609561753
제6회 전국동시지방선거,대구광역시,중구,-3661.0,0.025574354431521024,0.037686614594260814,0.6786057783873128,-0.05547305897327111,17.131474103585656
제6회 전국동시지방선거,대전광역시,대덕구,-13400.5,0.031806452059785544,0.037686614594260814,0.8439721211952335,-0.0828792667314008,33.46613545816733
제6회 전국동시지방선거,대전광역시,동구,-18570.5,0.025738675816472985,0.037686614594260814,0.6829659839064625,-0.09162879741058168,17.928286852589643
제6회 전국동시지방선거,대전광역시,서구,-29917.0,0.05572601912505735,0.037686614594260814,1.4786687455217509,-0.0767326859646153,94.42231075697211
제6회 전국동시지방선거,대전광역시,유성구,-12384.5,0.04124794750477761,0.037686614594260814,1.0944986157249355,-0.05149715787416472,64.14342629482071
제6회 전국동시지방선거,대전광역시,중구,-14877.5,0.037966045480060884,0.037686614594260814,1.0074145923906528,-0.06976913228818368,52.589641434262944
제6회 전국동시지방선거,부산광역시,강서구,-786.0,0.022369888056474004,0.037686614594260814,0.5935764805969239,-0.013153050637571538,8.764940239043826
제6회 전국동시지방선거,부산광역시,금정구,-6710.0,0.042059331302026916,0.037686614594260814,1.1160283765162609,-0.03163035382628289,66.13545816733067
제6회 전국동시지방선거,부산광역시,기장군,-1441.0,0.022880224982590364,0.037686614594260814,0.6071180770393403,-0.013422131147540983,9.9601593625498
제6회 전국동시지방선거,부산광역시,남구,-6177.5,0.022715059491411324,0.037686614594260814,0.6027354734821561,-0.025613968164460127,9.163346613545817
제6회 전국동시지방선거,부산광역시,동구,-2698.0,0.02369803669838702,0.037686614594260814,0.6288184002071634,-0.03236952609478105,11.952191235059761
제6회 전국동시지방선거,부산광역시,동래구,-5921.5,0.025637057330385384,0.037686614594260814,0.6802695759859941,-0.025780287429633727,17.52988047808765
제6회 전국동시지방선거,부산광역시,부산진구,-13057.0,0.042428181481898454,0.037686614594260814,1.1258156759020674,-0.039684276431363255,66.53386454183267
제6회 전국동시지방선거,부산광역시,북구,-7814.0,0.03929702897311076,0.037686614594260814,1.0427317336987652,-0.03103749602796314,56.17529880478087
제6회 전국동시지방선거,부산광역시,사상구,-6322.0,0.023131502027060734,0.037686614594260814,0.6137856179467859,-0.03074364410900815,10.756972111553784
제6회 전국동시지방선거,부산광역시,사하구,-14567.5,0.01999919098045246,0.037686614594260814,0.5306709343825773,-0.05105688720344597,4.780876494023905
제6회 전국동시지방선거,부산광역시,서구,-5168.0,0.03337936067123071,0.037686614594260814,0.8857086536054621,-0.050324264319239684,37.84860557768924
제6회 전국동시지방선거,부산광역시,수영구,-6286.5,0.02024621434302878,0.037686614594260814,0.5372256054570638,-0.04191698616436073,5.179282868525896
제6회 전국동시지방선거,부산광역시,연제구,-2966.5,0.030032963475420255,0.037686614594260814,0.7969132754098291,-0.017009065003124876,27.091633466135455
제6회 전국동시지방선거,부산광역시,영도구,-9201.0,0.017301100628172063,0.037686614594260814,0.4590781319690837,-0.07935727592630926,1.9920318725099602
제6회 전국동시지방선거,부산광역시,중구,-1860.0,0.02611605464325942,0.037686614594260814,0.6929795876978708,-0.04442533677271424,19.52191235059761
제6회 전국동시지방선거,부산광역시,해운대구,-14442.0,0.04419359961031302,0.037686614594260814,1.172660375205024,-0.04221819457436857,71.31474103585657
제6회 전국동시지방선거,서울특별시,강남구,-16531.0,0.05444391590651651,0.037686614594260814,1.444648623726675,-0.03535785632702648,92.43027888446214
제6회 전국동시지방선거,서울특별시,강동구,-9390.0,0.03993722981032024,0.037686614594260814,1.0597192196828995,-0.023692736246101673,59.36254980079681
제6회 전국동시지방선거,서울특별시,강북구,-14809.0,0.02608559089247877,0.037686614594260814,0.6921712436449855,-0.05213555455415986,19.12350597609562
제6회 전국동시지방선거,서울특별시,강서구,-16701.5,0.04060334921340643,0.037686614594260814,1.077394444965343,-0.03550405921630234,62.54980079681275
제6회 전국동시지방선거,서울특별시,관악구,-18229.0,0.03534106816451957,0.037686614594260814,0.9377618166292272,-0.040714451631347605,44.223107569721115
제6회 전국동시지방선거,서울특별시,광진구,-9364.5,0.039097352645994614,0.037686614594260814,1.0374333982216761,-0.03027946544917208,54.980079681274894
제6회 전국동시지방선거,서울특별시,구로구,-4851.0,0.04344153037870642,0.037686614594260814,1.1527045038776713,-0.013649025069637883,69.7211155378486
제6회 전국동시지방선거,서울특별시,금천구,-12403.5,0.033706265555694184,0.037686614594260814,0.8943829505138733,-0.060672096265316604,39.44223107569721
제6회 전국동시지방선거,서울특별시,노원구,-4821.0,0.02840366695799998,0.037686614594260814,0.7536805113379829,-0.0102182262125798,23.50597609561753
제6회 전국동시지방선거,서울특별시,도봉구,-6674.5,0.03404863641701476,0.037686614594260814,0.9034676312422059,-0.022546320536423057,40.63745019920319
제6회 전국동시지방선거,서울특별시,동대문구,-6015.0,0.024815060760292777,0.037686614594260814,0.6584582092993779,-0.019509078289298713,15.139442231075698
제6회 전국동시지방선거,서울특별시,동작구,-1530.0,0.024369653637968055,0.037686614594260814,0.6466395005318212,-0.004402801678244405,14.342629482071715
제6회 전국동시지방선거,서울특별시,마포구,-706.5,0.028178835902408196,0.037686614594260814,0.7477147046978179,-0.00220212139252619,22.709163346613543
제6회 전국동시지방선거,서울특별시,서대문구,-4065.0,0.03153575007849602,0.037686614594260814,0.8367891469693993,-0.015256603688607652,32.27091633466135
제6회 전국동시지방선거,서울특별시,서초구,-1749.0,0.029111066876858997,0.037686614594260814,0.7724510994227706,-0.004877627058141092,25.89641434262948
제6회 전국동시지방선거,서울특별시,성동구,-6714.0,0.023882543847583326,0.037686614594260814,0.6337142273113683,-0.026610333402032435,12.749003984063744
제6회 전국동시지방선거,서울특별시,성북구,-12357.5,0.03462845626940844,0.037686614594260814,0.9188529307347737,-0.03134090638180236,43.02788844621514
제6회 전국동시지방선거,서울특별시,송파구,-5774.5,0.053276155769980224,0.037686614594260814,1.4136625521702737,-0.010554723899243466,91.63346613545816
제6회 전국동시지방선거,서울특별시,양천구,-6668.5,0.051113901524562605,0.037686614594260814,1.3562879572724102,-0.016994788281916993,88.84462151394422
제6회 전국동시지방선거,서울특별시,영등포구,-8306.0,0.03914901676730186,0.037686614594260814,1.0388042860518374,-0.025225805275977477,55.37848605577689
제6회 전국동시지방선거,서울특별시,용산구,-8496.5,0.04259447960983025,0.037686614594260814,1.130228333545164,-0.041541786250360584,67.33067729083665
제6회 전국동시지방선거,서울특별시,은평구,-20342.0,0.028312160269609615,0.037686614594260814,0.7512524161276399,-0.04902631832642437,23.107569721115535
제6회 전국동시지방선거,서울특별시,종로구,-4610.5,0.03814886740256663,0.037686614594260814,1.0122657026448911,-0.033671718093846996,53.78486055776892
제6회 전국동시지방선거,서울특별시,중구,-3799.5,0.04449694902307153,0.037686614594260814,1.1807096366211638,-0.033554113127566565,72.50996015936255
제6회 전국동시지방선거,서울특별시,중랑구,-21871.5,0.04165037147453527,0.037686614594260814,1.1051767828696952,-0.06214112198656117,64.9402390438247
제6회 전국동시지방선거,세종특별자치시,세종특별자치시,-2831.5,0.030097552112517245,0.037686614594260814,0.7986271103560656,-0.027880345414980454,27.490039840637447
제6회 전국동시지방선거,울산광역시,남구,-15772.0,0.03287631175981737,0.037686614594260814,0.8723604418642582,-0.05684013262217097,37.45019920318725
제6회 전국동시지방선거,울산광역시,동구,-5401.0,0.03822752907106028,0.037686614594260814,1.0143529601324774,-0.03823283734231875,54.18326693227091
제6회 전국동시지방선거,울산광역시,북구,-5498.5,0.013008349751199019,0.037686614594260814,0.3451716183915342,-0.03945904827516918,1.593625498007968
제6회 전국동시지방선거,울산광역시,울주군,-8892.0,0.037589358173995974,0.037686614594260814,0.9974193378388609,-0.05388633691686766,50.99601593625498
제6회 전국동시지방선거,울산광역시,중구,-8445.0,0.029072508330790482,0.037686614594260814,0.7714279630523738,-0.04463106046993415,25.49800796812749
제6회 전국동시지방선거,인천광역시,강화군,-155.5,0.04000047575395645,0.037686614594260814,1.061397426768283,-0.0026769267847613146,59.76095617529881
제6회 전국동시지방선거,인천광역시,계양구,-23312.5,0.024857919423722376,0.037686614594260814,0.6595954476502094,-0.08487797596292129,15.53784860557769
제6회 전국동시지방선거,인천광역시,남구,-32399.5,0.04178447771061106,0.037686614594260814,1.1087352408930435,-0.09517312081591649,65.33864541832669
제6회 전국동시지방선거,인천광역시,남동구,-32014.0,0.03419314792859009,0.037686614594260814,0.9073021892976628,-0.0789681404228868,41.43426294820717
제6회 전국동시지방선거,인천광역시,동구,-2770.5,0.01848724872372637,0.037686614594260814,0.49055212103189916,-0.04490785016128248,3.187250996015936
제6회 전국동시지방선거,인천광역시,부평구,-37874.5,0.04190420006177408,0.037686614594260814,1.111912027995095,-0.08379851804651184,65.73705179282868
제6회 전국동시지방선거,인천광역시,서구,-33622.5,0.03080480423692011,0.037686614594260814,0.8173937767711108,-0.08833822459151207,29.482071713147413
제6회 전국동시지방선거,인천광역시,연수구,-12690.5,0.04416807362219562,0.037686614594260814,1.171983052808406,-0.05322013143051251,70.91633466135458
제6회 전국동시지방선거,인천광역시,옹진군,-230.0,0.0654243279007646,0.037686614594260814,1.736009684211006,-0.012690355329949238,98.00796812749005
제6회 전국동시지방선거,인천광역시,중구,-8170.5,0.02331184477873135,0.037686614594260814,0.6185709443448243,-0.09101897133690555,11.155378486055776
제6회 전국동시지방선거,전라남도,강진군,-2044.5,0.04327109812973123,0.037686614594260814,1.148182148903363,-0.060824680927022284,68.92430278884463
제6회 전국동시지방선거,전라남도,고흥군,3877.5,0.06924386094388738,0.037686614594260814,1.8373595423567795,0.06273967283141595,99.20318725099602
제6회 전국동시지방선거,전라남도,곡성군,882.0,0.03793592561415002,0.037686614594260814,1.0066153731921352,0.03282226853230128,52.191235059760956
제6회 전국동시지방선거,전라남도,광양시,-5075.5,0.039575897755758274,0.037686614594260814,1.0501314108958244,-0.04384388794347071,57.37051792828686
제6회 전국동시지방선거,전라남도,구례군,1788.5,0.03616864510863224,0.037686614594260814,0.9597212564203169,0.07655266874973249,46.21513944223107
제6회 전국동시지방선거,전라남도,나주시,-775.0,0.05477806375547959,0.037686614594260814,1.4535151099462669,-0.010181025196395261,93.62549800796812
제6회 전국동시지방선거,전라남도,담양군,-557.0,0.046880823544859,0.037686614594260814,1.243964841352408,-0.013570140817619257,77.29083665338645
제6회 전국동시지방선거,전라남도,목포시,-21717.0,0.027440243395360685,0.037686614594260814,0.7281164331364346,-0.11702861453898798,20.717131474103585
제6회 전국동시지방선거,전라남도,무안군,-2461.5,0.062042667078327736,0.037686614594260814,1.6462785990805349,-0.03867425016104451,97.21115537848605
제6회 전국동시지방선거,전라남도,보성군,1531.5,0.03073679716596236,0.037686614594260814,0.8155892349811431,0.03841908536738329,28.68525896414343
제6회 전국동시지방선거,전라남도,순천시,-12707.5,0.04883992176103505,0.037686614594260814,1.295948768199326,-0.059135181419244356,82.86852589641434
제6회 전국동시지방선거,전라남도,신안군,692.0,0.04604755859358604,0.037686614594260814,1.2218544724523621,0.017524311183144247,76.49402390438247
제6회 전국동시지방선거,전라남도,여수시,-13182.5,0.03651012057422745,0.037686614594260814,0.9687821781632642,-0.056666021879768734,47.410358565737056
제6회 전국동시지방선거,전라남도,영광군,829.0,0.060597460594038643,0.037686614594260814,1.6079305940965802,0.01730472174675406,95.61752988047809
제6회 전국동시지방선거,전라남도,영암군,-1807.0,0.049158068772954845,0.037686614594260814,1.3043906782871653,-0.037273102310231024,83.66533864541833
제6회 전국동시지방선거,전라남도,완도군,1815.0,0.05545567793314591,0.037686614594260814,1.4714953447049897,0.040066225165562915,94.02390438247012
제6회 전국동시지방선거,전라남도,장성군,-1274.0,0.030798713569392917,0.037686614594260814,0.8172321632223013,-0.032528213246182915,29.08366533864542
제6회 전국동시지방선거,전라남도,장흥군,151.5,0.049894757460262854,0.037686614594260814,1.323938432715078,0.004268447299467501,84.86055776892431
제6회 전국동시지방선거,전라남도,진도군,1466.5,0.04521016537140184,0.037686614594260814,1.1996345614521386,0.05246681692962685,73.70517928286853
제6회 전국동시지방선거,전라남도,함평군,321.5,0.047164519526465325,0.037686614594260814,1.251492606439844,0.010463110619325023,78.88446215139442
제6회 전국동시지방선거,전라남도,해남군,-487.0,0.05195128605399926,0.037686614594260814,1.3785076376138803,-0.007514736289849705,90.0398406374502
제6회 전국동시지방선거,전라남도,화순군,1314.5,0.035829694849447355,0.037686614594260814,0.9507273400700671,0.02392740775797732,45.0199203187251
제6회 전국동시지방선거,전라북도,고창군,1453.0,0.03983523905700828,0.037686614594260814,1.057012933793068,0.028385559115417677,58.964143426294825
제6회 전국동시지방선거,전라북도,군산시,-22329.0,0.034160542378432746,0.037686614594260814,0.9064370134120499,-0.10112313753906073,41.03585657370518
제6회 전국동시지방선거,전라북도,김제시,-3161.0,0.03680180390491783,0.037686614594260814,0.9765218845240153,-0.040873590565842555,48.60557768924303
제6회 전국동시지방선거,전라북도,남원시,-1292.5,0.04867670648495614,0.037686614594260814,1.2916179128588794,-0.018356506795813153,82.07171314741036
제6회 전국동시지방선거,전라북도,무주군,806.0,0.033520665597416385,0.037686614594260814,0.8894581261358814,0.036996236114936194,38.645418326693225
제6회 전국동시지방선거,전라북도,부안군,-463.5,0.04767824480527432,0.037686614594260814,1.265124111533624,-0.009344946470694974,79.6812749003984
제6회 전국동시지방선거,전라북도,순창군,-234.5,0.04068678716393382,0.037686614594260814,1.079608439282044,-0.00919716045024905,63.745019920318725
제6회 전국동시지방선거,전라북도,완주군,-4796.0,0.03968691399933817,0.037686614594260814,1.0530771847408649,-0.06786856479778111,58.16733067729084
제6회 전국동시지방선거,전라북도,익산시,-26489.0,0.030805719951505314,0.037686614594260814,0.8174180749097222,-0.1085072217989366,29.880478087649404
제6회 전국동시지방선거,전라북도,임실군,446.5,0.035824036531053566,0.037686614594260814,0.9505771987412502,0.017105313565490558,44.6215139442231
제6회 전국동시지방선거,전라북도,장수군,1474.5,0.026447919682643546,0.037686614594260814,0.7017855004325919,0.07340568526907951,19.9203187250996
제6회 전국동시지방선거,전라북도,전주시덕진구,-18304.0,0.0401446348343871,0.037686614594260814,1.065222633197215,-0.0826306000469492,60.55776892430279
제6회 전국동시지방선거,전라북도,전주시완산구,-22797.0,0.024445957815760252,0.037686614594260814,0.6486642028993248,-0.08030732160973961,14.741035856573706
제6회 전국동시지방선거,전라북도,정읍시,-3475.0,0.03655500998746233,0.037686614594260814,0.9699733016886368,-0.035839521452145216,47.808764940239044
제6회 전국동시지방선거,전라북도,진안군,151.5,0.04874628970177524,0.037686614594260814,1.2934642770804536,0.006505217055262141,82.47011952191235
제6회 전국동시지방선거,제주특별자치도,서귀포시,5898.0,0.06605899312137545,0.037686614594260814,1.75285028471184,0.04659577493719288,98.40637450199203
제6회 전국동시지방선거,제주특별자치도,제주시,219.0,0.04999315860067941,0.037686614594260814,1.32654946959053,0.0006429754201359937,85.2589641434263
제6회 전국동시지방선거,충청남도,계룡시,-1499.0,0.009582600642401974,0.037686614594260814,0.25427066733293896,-0.050177411796210755,0.796812749003984
제6회 전국동시지방선거,충청남도,공주시,-5421.5,0.038124570916506555,0.037686614594260814,1.0116210046182401,-0.05621688321114902,53.38645418326693
제6회 전국동시지방선거,충청남도,금산군,289.5,0.024017413387140755,0.037686614594260814,0.6372929393026004,0.006184179608228484,13.147410358565736
제6회 전국동시지방선거,충청남도,논산시,-3676.0,0.037242148815633834,0.037686614594260814,0.9882062694298186,-0.035359073507627785,50.59760956175299
제6회 전국동시지방선거,충청남도,당진시,-9493.0,0.04856543362827603,0.037686614594260814,1.2886653298827195,-0.07379738175938307,81.67330677290838
제6회 전국동시지방선거,충청남도,보령시,-2247.5,0.04774800478174117,0.037686614594260814,1.266975166005295,-0.025951756867545004,80.0796812749004
제6회 전국동시지방선거,충청남도,부여군,-947.5,0.0316263664676768,0.037686614594260814,0.839193618428467,-0.01539573956420714,32.669322709163346
제6회 전국동시지방선거,충청남도,서산시,-10731.0,0.04552836575567101,0.037686614594260814,1.2080778877549907,-0.0819748521840099,74.9003984063745
제6회 전국동시지방선거,충청남도,서천군,14.5,0.029443311031031188,0.037686614594260814,0.7812670718243561,0.0002890807232999063,26.294820717131472
제6회 전국동시지방선거,충청남도,아산시,-20421.0,0.04433960675711348,0.037686614594260814,1.1765346193729438,-0.0918937648498812,71.71314741035857
제6회 전국동시지방선거,충청남도,예산군,-1543.5,0.050734163657453014,0.037686614594260814,1.3462117572422962,-0.021393820948896004,87.64940239043824
제6회 전국동시지방선거,충청남도,천안시동남구,-22673.0,0.04851310533017158,0.037686614594260814,1.287276818373585,-0.09587054326500237,81.27490039840637
제6회 전국동시지방선거,충청남도,천안시서북구,-27806.5,0.04620797396456925,0.037686614594260814,1.226111033374861,-0.12462967195994855,76.89243027888446
제6회 전국동시지방선거,충청남도,청양군,1641.0,0.02757325319630038,0.037686614594260814,0.7316457976700149,0.058935497773308435,21.51394422310757
제6회 전국동시지방선거,충청남도,태안군,730.5,0.031129346970555163,0.037686614594260814,0.8260053949047406,0.013697474264499071,31.47410358565737
제6회 전국동시지방선거,충청남도,홍성군,-2946.0,0.037663890163845734,0.037686614594260814,0.9993970158726185,-0.039562741727546195,51.39442231075697
제6회 전국동시지방선거,충청북도,괴산군,792.0,0.027503363498343942,0.037686614594260814,0.7297913010879027,0.02349869451697128,21.115537848605577
제6회 전국동시지방선거,충청북도,단양군,681.0,0.023460729086152553,0.037686614594260814,0.6225215328766973,0.025513262400719317,11.553784860557768
제6회 전국동시지방선거,충청북도,보은군,275.5,0.045660077474840986,0.037686614594260814,1.2115728081819912,0.009242175181992015,75.2988047808765
제6회 전국동시지방선거,충청북도,영동군,197.0,0.034382080199468944,0.037686614594260814,0.9123154353244797,0.004580117176601879,42.62948207171315
제6회 전국동시지방선거,충청북도,옥천군,515.0,0.04253741431070108,0.037686614594260814,1.128714127513565,0.011575634974151495,66.93227091633466
제6회 전국동시지방선거,충청북도,음성군,-7380.5,0.046008798936691915,0.037686614594260814,1.2208259996826158,-0.09655916792045528,76.09561752988047
제6회 전국동시지방선거,충청북도,제천시,-3465.5,0.04457944345985776,0.037686614594260814,1.1828985951592117,-0.030938373224536436,72.90836653386454
제6회 전국동시지방선거,충청북도,증평군,-500.0,0.038372029355095726,0.037686614594260814,1.0181872202694293,-0.018193726802998328,54.581673306772906
제6회 전국동시지방선거,충청북도,진천군,-1954.5,0.05048010249922395,0.037686614594260814,1.3394703409340307,-0.0374203059485746,86.45418326693228
제6회 전국동시지방선거,충청북도,청원군,-6368.5,0.03285092081424688,0.037686614594260814,0.8716867027703159,-0.05158476230590408,37.05179282868526
제6회 전국동시지방선거,충청북도,청주시상당구,-12690.5,0.019450354117208517,0.037686614594260814,0.5161077567357445,-0.06534724332006529,3.5856573705179287
제6회 전국동시지방선거,충청북도,청주시흥덕구,-23461.0,0.034336349235246345,0.037686614594260814,0.911101981563378,-0.07142987626656275,42.23107569721115
제6회 전국동시지방선거,충청북도,충주시,-8902.5,0.04012533798810136,0.037686614594260814,1.0647105987124652,-0.05263235685358716,60.1593625498008
제7회 전국동시지방선거,강원도,강릉시,-17260.5,0.02475999176090878,0.03683126192243303,0.6722547767451885,-0.09601595398488043,8.4
제7회 전국동시지방선거,강원도,고성군,-894.0,0.07865504287084174,0.03683126192243303,2.1355511260105606,-0.035064323815500474,99.6
제7회 전국동시지방선거,강원도,동해시,-7908.5,0.018403798124787697,0.03683126192243303,0.49967872845481814,-0.10440677518581594,2.0
제7회 전국동시지방선거,강원도,삼척시,-4528.5,0.051110670383438424,0.03683126192243303,1.3876980509404744,-0.07660233097078674,89.60000000000001
제7회 전국동시지방선거,강원도,속초시,-7844.0,0.030772310121698777,0.03683126192243303,0.83549431964904,-0.1149573526394466,30.4
제7회 전국동시지방선거,강원도,양구군,-1034.0,0.02530727276794151,0.03683126192243303,0.6871139202680282,-0.052765870585833846,9.6
제7회 전국동시지방선거,강원도,양양군,-679.0,0.0227168109959223,0.03683126192243303,0.6167806860314509,-0.028188309531717037,4.3999999999999995
제7회 전국동시지방선거,강원도,영월군,-2507.0,0.029851055520891408,0.03683126192243303,0.8104814758657469,-0.07119327540182882,26.8
제7회 전국동시지방선거,강원도,원주시,-35712.5,0.029364539632851735,0.03683126192243303,0.7972721568621167,-0.12800592133796432,23.599999999999998
제7회 전국동시지방선거,강원도,인제군,-2087.5,0.0408263913051587,0.03683126192243303,1.1084711512502463,-0.07662518812171934,70.0
제7회 전국동시지방선거,강원도,정선군,-2389.5,0.05764980827110906,0.03683126192243303,1.5652411908264257,-0.0717718439311567,97.6
제7회 전국동시지방선거,강원도,철원군,-2069.0,0.04616276788552258,0.03683126192243303,1.2533583015086962,-0.05257407125069879,82.8
제7회 전국동시지방선거,강원도,춘천시,-21633.0,0.038832947533175795,0.03683126192243303,1.0543474620814874,-0.09347534891759927,60.0
제7회 전국동시지방선거,강원도,태백시,-3729.0,0.025655300676948125,0.03683126192243303,0.6965631731809357,-0.09714479237221904,10.8
제7회 전국동시지방선거,강원도,평창군,-3051.0,0.052619912874384646,0.03683126192243303,1.4286752646488914,-0.0813469844824828,93.2
제7회 전국동시지방선거,강원도,홍천군,-4330.0,0.0331546321079228,0.03683126192243303,0.9001763821654212,-0.07170536217003941,44.0
제7회 전국동시지방선거,강원도,화천군,-1632.5,0.053304632208399046,0.03683126192243303,1.4472659753189854,-0.0749437634852867,94.0
제7회 전국동시지방선거,강원도,횡성군,-2868.5,0.02908885871897007,0.03683126192243303,0.7897871862286845,-0.07071366941945026,22.400000000000002
제7회 전국동시지방선거,경기도,가평군,-4240.5,0.03454514631932164,0.03683126192243303,0.9379300223835401,-0.07768902405510873,48.0
제7회 전국동시지방선거,경기도,고양시덕양구,-36607.0,0.05155161302191777,0.03683126192243303,1.3996700175651307,-0.09177768975044251,91.2
제7회 전국동시지방선거,경기도,고양시일산동구,-25434.0,0.05627678714845479,0.03683126192243303,1.5279625028046613,-0.10866723063908329,97.2
제7회 전국동시지방선거,경기도,고양시일산서구,-18380.5,0.03416767951696909,0.03683126192243303,0.9276814785473964,-0.08276335637256006,46.400000000000006
제7회 전국동시지방선거,경기도,과천시,-1936.5,0.030321407201519254,0.03683126192243303,0.8232519229283105,-0.04145349459488387,29.2
제7회 전국동시지방선거,경기도,광명시,-19938.0,0.040421964622177425,0.03683126192243303,1.097490623788738,-0.07362846760613312,68.8
제7회 전국동시지방선거,경기도,광주시,-33148.5,0.029747913549181965,0.03683126192243303,0.8076810838529328,-0.115101755945457,26.0
제7회 전국동시지방선거,경기도,구리시,-12252.5,0.042764713171881484,0.03683126192243303,1.1610982339389933,-0.07412504915454188,76.0
제7회 전국동시지방선거,경기도,군포시,-11609.5,0.04432329838849091,0.03683126192243303,1.2034151444996963,-0.05069672793330975,80.0
제7회 전국동시지방선거,경기도,김포시,-31645.0,0.047981892289352845,0.03683126192243303,1.3027490719813821,-0.10006450674474934,86.0
제7회 전국동시지방선거,경기도,남양주시,-57634.5,0.041298530333240234,0.03683126192243303,1.1212901263121342,-0.10725710850862288,73.2
제7회 전국동시지방선거,경기도,동두천시,-10994.5,0.0330268529158154,0.03683126192243303,0.8967070687224958,-0.1364031115467166,43.6
제7회 전국동시지방선거,경기도,부천시,-82163.5,0.04126465082496619,0.03683126192243303,1.1203702689272477,-0.11486884175589733,72.39999999999999
제7회 전국동시지방선거,경기도,성남시분당구,-13872.0,0.017976744132671772,0.03683126192243303,0.488083850358724,-0.03453564102053417,1.6
제7회 전국동시지방선거,경기도,성남시수정구,-25821.5,0.031513981174200095,0.03683126192243303,0.8556313177802277,-0.12654310399749086,35.6
제7회 전국동시지방선거,경기도,성남시중원구,-23763.0,0.04320900446508597,0.03683126192243303,1.1731611193796325,-0.12174166974056314,76.8
제7회 전국동시지방선거,경기도,수원시권선구,-32639.5,0.05249066347347377,0.03683126192243303,1.4251660337899792,-0.09518747612256742,92.80000000000001
제7회 전국동시지방선거,경기도,수원시영통구,-14134.5,0.03440666067989654,0.03683126192243303,0.9341700198151581,-0.05167421608519693,47.199999999999996
제7회 전국동시지방선거,경기도,수원시장안구,-15337.0,0.045789811801017696,0.03683126192243303,1.2432322274879273,-0.07587315721776987,81.2
제7회 전국동시지방선거,경기도,수원시팔달구,-19664.5,0.04889290942835142,0.03683126192243303,1.3274839599935602,-0.12163131753601406,87.2
제7회 전국동시지방선거,경기도,시흥시,-45343.0,0.05622117973900861,0.03683126192243303,1.5264527144742126,-0.12933488502107898,96.8
제7회 전국동시지방선거,경기도,안산시단원구,-29497.5,0.07283705841937614,0.03683126192243303,1.97758791357113,-0.11680466624692619,99.2
제7회 전국동시지방선거,경기도,안산시상록구,-37129.0,0.03741203529847203,0.03683126192243303,1.01576848974825,-0.12328580631022507,56.8
제7회 전국동시지방선거,경기도,안성시,-18582.0,0.029165330627379995,0.03683126192243303,0.7918634634024336,-0.12418964618448665,22.8
제7회 전국동시지방선거,경기도,안양시동안구,-12850.0,0.036566957360160246,0.03683126192243303,0.9928239069617161,-0.04794704556648408,54.800000000000004
제7회 전국동시지방선거,경기도,안양시만안구,-20731.0,0.039231856101412874,0.03683126192243303,1.0651781680474461,-0.09575608088758325,62.4
제7회 전국동시지방선거,경기도,양주시,-22819.5,0.0308030361398991,0.03683126192243303,0.8363285571037608,-0.13325800178693437,30.8
제7회 전국동시지방선거,경기도,양평군,-9951.0,0.024298813947670396,0.03683126192243303,0.6597334079631569,-0.10094134831916578,7.6
제7회 전국동시지방선거,경기도,여주시,-10898.0,0.021792298543488527,0.03683126192243303,0.5916793888133213,-0.11576867510835387,3.5999999999999996
제7회 전국동시지방선거,경기도,연천군,-2486.5,0.05115260672871086,0.03683126192243303,1.388836658283355,-0.06458944852845676,90.0
제7회 전국동시지방선거,경기도,오산시,-20427.0,0.06147709315023262,0.03683126192243303,1.6691552214448675,-0.1204152371520532,98.0
제7회 전국동시지방선거,경기도,용인시기흥구,-18568.5,0.02154188266568862,0.03683126192243303,0.5848803853383037,-0.04796711003877461,3.2
제7회 전국동시지방선거,경기도,용인시수지구,-10199.5,0.013810245483514531,0.03683126192243303,0.37495987817629034,-0.047397868850173566,0.4
제7회 전국동시지방선거,경기도,용인시처인구,-23198.5,0.015225384483565203,0.03683126192243303,0.4133821022920692,-0.12046600509936492,0.8
제7회 전국동시지방선거,경기도,의왕시,-8124.0,0.027430752144113425,0.03683126192243303,0.7447681863815265,-0.06348859018443263,15.6
제7회 전국동시지방선거,경기도,의정부시,-43163.5,0.053039880287072676,0.03683126192243303,1.4400777361029644,-0.11778534570033755,93.60000000000001
제7회 전국동시지방선거,경기도,이천시,-24450.0,0.025125218115863657,0.03683126192243303,0.6821709820526267,-0.14255063608484242,9.2
제7회 전국동시지방선거,경기도,파주시,-39007.0,0.0551003041656666,0.03683126192243303,1.4960199919760648,-0.11065250568765284,96.39999999999999
제7회 전국동시지방선거,경기도,평택시,-49631.0,0.0439627740655971,0.03683126192243303,1.193626603350792,-0.12589606871255282,78.4
제7회 전국동시지방선거,경기도,포천시,-17302.5,0.034431052366146735,0.03683126192243303,0.9348322747849054,-0.13407697851203806,47.599999999999994
제7회 전국동시지방선거,경기도,하남시,-21319.5,0.04362422047746296,0.03683126192243303,1.184434586285313,-0.10979189519056963,78.0
제7회 전국동시지방선거,경기도,화성시,-59820.5,0.054169735348635825,0.03683126192243303,1.47075425932236,-0.10842527291873973,94.8
제7회 전국동시지방선거,경상남도,거제시,-20606.5,0.029679065259363015,0.03683126192243303,0.8058117943899775,-0.10595418669820295,25.6
제7회 전국동시지방선거,경상남도,거창군,-4403.5,0.04125488860746691,0.03683126192243303,1.120105216442219,-0.08298938957049434,72.0
제7회 전국동시지방선거,경상남도,고성군,-4125.0,0.05480863409358296,0.03683126192243303,1.4881009021360831,-0.08854211384905984,95.6
제7회 전국동시지방선거,경상남도,김해시,-45832.0,0.03144922019766857,0.03683126192243303,0.853873002339722,-0.1090469573824162,34.8
제7회 전국동시지방선거,경상남도,남해군,-3438.5,0.029457936626865144,0.03683126192243303,0.7998079644651824,-0.08654451184213838,24.0
제7회 전국동시지방선거,경상남도,밀양시,-9366.5,0.031631642796858,0.03683126192243303,0.8588259306312807,-0.10062741053491045,36.8
제7회 전국동시지방선거,경상남도,사천시,-8772.5,0.04057766314702331,0.03683126192243303,1.1017179707955767,-0.09288081398426665,69.19999999999999
제7회 전국동시지방선거,경상남도,산청군,-3004.0,0.025527820162274274,0.03683126192243303,0.6931019690836576,-0.09269316218217724,10.4
제7회 전국동시지방선거,경상남도,양산시,-19906.5,0.03462193637339979,0.03683126192243303,0.94001493748202,-0.07225406251020845,48.8
제7회 전국동시지방선거,경상남도,의령군,-601.0,0.038988525742335335,0.03683126192243303,1.058571542415395,-0.02406695498958834,60.8
제7회 전국동시지방선거,경상남도,진주시,-22024.5,0.026737315176560365,0.03683126192243303,0.7259407845669092,-0.07808749543519033,14.000000000000002
제7회 전국동시지방선거,경상남도,창녕군,-4437.0,0.02474982942931866,0.03683126192243303,0.6719788608232329,-0.07934265584206573,8.0
제7회 전국동시지방선거,경상남도,창원시마산합포구,-12501.5,0.029767459015734875,0.03683126192243303,0.8082117598475288,-0.08101496328842403,26.400000000000002
제7회 전국동시지방선거,경상남도,창원시마산회원구,-8447.0,0.03926760006768424,0.03683126192243303,1.0661486470483188,-0.05073273273273273,62.8
제7회 전국동시지방선거,경상남도,창원시성산구,-7363.0,0.04418960005711516,0.03683126192243303,1.1997851214052577,-0.03988624052004334,79.2
제7회 전국동시지방선거,경상남도,창원시의창구,-12330.5,0.016854388907201076,0.03683126192243303,0.4576109540503003,-0.05862537857716793,1.2
제7회 전국동시지방선거,경상남도,창원시진해구,-16628.0,0.03828298856216037,0.03683126192243303,1.0394156095651756,-0.11056145110242294,59.599999999999994
제7회 전국동시지방선거,경상남도,통영시,-9582.5,0.023484608064884897,0.03683126192243303,0.6376270276686065,-0.08686331209151808,6.0
제7회 전국동시지방선거,경상남도,하동군,-5851.0,0.03730490782665957,0.03683126192243303,1.0128598880272972,-0.13745066716782559,56.39999999999999
제7회 전국동시지방선거,경상남도,함안군,-3967.0,0.0496254317434871,0.03683126192243303,1.347372562145677,-0.0698661500528355,88.0
제7회 전국동시지방선거,경상남도,함양군,-3968.0,0.028704706597921615,0.03683126192243303,0.7793571303197264,-0.11346219833009265,21.2
제7회 전국동시지방선거,경상남도,합천군,-3600.5,0.04338918917951439,0.03683126192243303,1.1780532872018454,-0.08539072690620182,77.60000000000001
제7회 전국동시지방선거,경상북도,경산시,-25790.5,0.03573797940487619,0.03683126192243303,0.9703164523697477,-0.11987831123134346,52.800000000000004
제7회 전국동시지방선거,경상북도,경주시,-23068.5,0.03525627995523435,0.03683126192243303,0.9572379037537295,-0.10568645686823382,51.2
제7회 전국동시지방선거,경상북도,고령군,-1732.0,0.047318470244446326,0.03683126192243303,1.2847366007740775,-0.058787590794922275,84.39999999999999
제7회 전국동시지방선거,경상북도,구미시,-40906.5,0.049724841505213745,0.03683126192243303,1.3500716214919464,-0.12288920999900863,88.4
제7회 전국동시지방선거,경상북도,군위군,-2452.5,0.051309163755943514,0.03683126192243303,1.3930873143581417,-0.10778798400210961,90.4
제7회 전국동시지방선거,경상북도,김천시,-14999.5,0.03938293775075979,0.03683126192243303,1.0692801629686381,-0.12550727548091808,63.2
제7회 전국동시지방선거,경상북도,문경시,-9855.5,0.03918740295159242,0.03683126192243303,1.063971227326434,-0.15722262104171653,62.0
제7회 전국동시지방선거,경상북도,봉화군,-1842.0,0.05361001631269559,0.03683126192243303,1.4555574127652418,-0.062267595159218446,94.39999999999999
제7회 전국동시지방선거,경상북도,상주시,-7668.5,0.04787248282978767,0.03683126192243303,1.299778512357452,-0.08803338346209921,85.6
제7회 전국동시지방선거,경상북도,성주군,-3365.5,0.031931031466921736,0.03683126192243303,0.8669545869530285,-0.08363776435796118,38.800000000000004
제7회 전국동시지방선거,경상북도,안동시,-12458.5,0.051672253974220456,0.03683126192243303,1.402945521742988,-0.09065804123036172,91.60000000000001
제7회 전국동시지방선거,경상북도,영덕군,-2792.0,0.0316359771361279,0.03683126192243303,0.8589436116186722,-0.08124308909969155,37.2
제7회 전국동시지방선거,경상북도,영양군,-1353.0,0.06308839096333542,0.03683126192243303,1.7129033237090856,-0.08625525946704067,98.4
제7회 전국동시지방선거,경상북도,영주시,-5879.5,0.034919373678352184,0.03683126192243303,0.948090612585925,-0.06429407197611732,49.6
제7회 전국동시지방선거,경상북도,영천시,-4180.0,0.03911017455648309,0.03683126192243303,1.061874410897174,-0.0475,61.6
제7회 전국동시지방선거,경상북도,예천군,-4091.0,0.041863732029653274,0.03683126192243303,1.1366358317512626,-0.09251888371251527,74.4
제7회 전국동시지방선거,경상북도,울릉군,-813.5,0.030240712281104868,0.03683126192243303,0.8210609873968501,-0.08982002870707739,28.4
제7회 전국동시지방선거,경상북도,울진군,-5068.0,0.04809930093418447,0.03683126192243303,1.305936816269886,-0.116892702278808,86.4
제7회 전국동시지방선거,경상북도,의성군,-6788.5,0.039616264049536005,0.03683126192243303,1.075615169878464,-0.13898613926253506,64.0
제7회 전국동시지방선거,경상북도,청도군,-1635.0,0.03578271202516892,0.03683126192243303,0.9715309809511179,-0.04160940601618568,53.2
제7회 전국동시지방선거,경상북도,청송군,-1012.0,0.039837754426658184,0.03683126192243303,1.0816288214766263,-0.04302355241901199,66.8
제7회 전국동시지방선거,경상북도,칠곡군,-11780.0,0.028000010380968568,0.03683126192243303,0.7602240303342537,-0.12157615538629843,18.0
제7회 전국동시지방선거,경상북도,포항시남구,-18920.0,0.03058763549345697,0.03683126192243303,0.8304802468586281,-0.09522083987599146,30.0
제7회 전국동시지방선거,경상북도,포항시북구,-17782.0,0.03909589459827411,0.03683126192243303,1.0614866979201096,-0.07970059611850656,61.199999999999996
제7회 전국동시지방선거,광주광역시,광산구,-41966.5,0.029656428598899016,0.03683126192243303,0.8051971898588683,-0.13669379924497818,24.8
제7회 전국동시지방선거,광주광역시,남구,-25340.0,0.03256809313960169,0.03683126192243303,0.8842513516965665,-0.14319296580095386,41.6
제7회 전국동시지방선거,광주광역시,동구,-13542.5,0.04330734608358634,0.03683126192243303,1.1758311777313524,-0.16462043396341092,77.2
제7회 전국동시지방선거,광주광역시,북구,-54478.0,0.032088745688237275,0.03683126192243303,0.8712366618286516,-0.15178566453245068,39.6
제7회 전국동시지방선거,광주광역시,서구,-35788.5,0.028993341999361096,0.03683126192243303,0.7871938262778325,-0.14473157415832574,21.6
제7회 전국동시지방선거,대구광역시,남구,-16557.5,0.033694359121755446,0.03683126192243303,0.914830428365883,-0.12311049645706468,44.800000000000004
제7회 전국동시지방선거,대구광역시,달서구,-41966.5,0.03087566079439332,0.03683126192243303,0.8383003780706113,-0.08878623307219217,31.2
제7회 전국동시지방선거,대구광역시,달성군,-15203.5,0.03131930538564429,0.03683126192243303,0.8503457050047059,-0.0772390353439648,33.6
제7회 전국동시지방선거,대구광역시,동구,-25352.0,0.032167920120069755,0.03683126192243303,0.8733863148054956,-0.08568917731359427,40.400000000000006
제7회 전국동시지방선거,대구광역시,북구,-31895.0,0.028172215976212202,0.03683126192243303,0.7648995583030291,-0.08859476125663177,19.6
제7회 전국동시지방선거,대구광역시,서구,-20877.0,0.02005128085126096,0.03683126192243303,0.5444092818076431,-0.1248176491689585,2.4
제7회 전국동시지방선거,대구광역시,수성구,-31891.0,0.027346262179597396,0.03683126192243303,0.7424742121839015,-0.09063702558447538,15.2
제7회 전국동시지방선거,대구광역시,중구,-7311.5,0.03599033261422956,0.03683126192243303,0.9771680560396092,-0.10704507854706236,53.6
제7회 전국동시지방선거,대전광역시,대덕구,-18057.5,0.027051882202873065,0.03683126192243303,0.7344815461344923,-0.11719637328902706,14.799999999999999
제7회 전국동시지방선거,대전광역시,동구,-26162.0,0.02315203577342947,0.03683126192243303,0.6285974078810513,-0.1367147082492867,5.2
제7회 전국동시지방선거,대전광역시,서구,-48560.5,0.046798314765387254,0.03683126192243303,1.2706139383425126,-0.12282385732749572,83.6
제7회 전국동시지방선거,대전광역시,유성구,-27497.5,0.030976942262244952,0.03683126192243303,0.8410502558256807,-0.10084793316291539,32.0
제7회 전국동시지방선거,대전광역시,중구,-23911.0,0.03360038154635189,0.03683126192243303,0.912278857485649,-0.11604915502664505,44.4
제7회 전국동시지방선거,부산광역시,강서구,-6353.0,0.031615641063399515,0.03683126192243303,0.8583914699958514,-0.06841923880500571,36.4
제7회 전국동시지방선거,부산광역시,금정구,-19191.0,0.02745109425127382,0.03683126192243303,0.7453204918442945,-0.09096209083411541,16.0
제7회 전국동시지방선거,부산광역시,기장군,-9735.0,0.028181491247653897,0.03683126192243303,0.7651513897895862,-0.0761248651100233,20.0
제7회 전국동시지방선거,부산광역시,남구,-19141.5,0.031017477013179497,0.03683126192243303,0.8421508086935111,-0.08172758751723873,32.4
제7회 전국동시지방선거,부산광역시,동구,-8577.5,0.03146108682324703,0.03683126192243303,0.8541951912889753,-0.10845102476893705,35.199999999999996
제7회 전국동시지방선거,부산광역시,동래구,-16950.5,0.02389698049151806,0.03683126192243303,0.6488232888095259,-0.07476633452867723,6.4
제7회 전국동시지방선거,부산광역시,부산진구,-30562.0,0.04398098520844875,0.03683126192243303,1.1941210513251788,-0.09568506145860076,78.8
제7회 전국동시지방선거,부산광역시,북구,-16206.5,0.048219944634834803,0.03683126192243303,1.309212395067713,-0.063828488383542,86.8
제7회 전국동시지방선거,부산광역시,사상구,-14192.0,0.03239899999129152,0.03683126192243303,0.8796603293018878,-0.07260152037569445,40.8
제7회 전국동시지방선거,부산광역시,사하구,-24846.5,0.026092997563890077,0.03683126192243303,0.7084470148984351,-0.08839056702442911,12.0
제7회 전국동시지방선거,부산광역시,서구,-11252.5,0.028064840973738885,0.03683126192243303,0.7619842359146883,-0.11585824161115287,19.2
제7회 전국동시지방선거,부산광역시,수영구,-14437.0,0.022592895272530805,0.03683126192243303,0.6134162690410023,-0.0926672400734303,4.0
제7회 전국동시지방선거,부산광역시,연제구,-11601.5,0.03533104253087289,0.03683126192243303,0.9592677710929477,-0.06641839322619982,51.6
제7회 전국동시지방선거,부산광역시,영도구,-12158.0,0.02391496073471003,0.03683126192243303,0.6493114676623124,-0.11264708607430741,6.800000000000001
제7회 전국동시지방선거,부산광역시,중구,-5075.0,0.031950518013267176,0.03683126192243303,0.8674836632140179,-0.12741012251456116,39.2
제7회 전국동시지방선거,부산광역시,해운대구,-30891.5,0.03764768286283637,0.03683126192243303,1.022166520987598,-0.09030516342716156,57.199999999999996
제7회 전국동시지방선거,서울특별시,강남구,-40531.0,0.05150439656141204,0.03683126192243303,1.3983880506152835,-0.08910614647959161,90.8
제7회 전국동시지방선거,서울특별시,강동구,-34766.0,0.03570132507010968,0.03683126192243303,0.9693212560920935,-0.09520340876727934,52.400000000000006
제7회 전국동시지방선거,서울특별시,강북구,-33807.0,0.029640142158998312,0.03683126192243303,0.8047549992020561,-0.12036957914975432,24.4
제7회 전국동시지방선거,서울특별시,강서구,-49141.5,0.03973544364704751,0.03683126192243303,1.078850997034278,-0.09654120360456642,65.2
제7회 전국동시지방선거,서울특별시,관악구,-49504.0,0.03980992694806563,0.03683126192243303,1.080873281830682,-0.11007199683374023,66.0
제7회 전국동시지방선거,서울특별시,광진구,-30995.0,0.03808602808947569,0.03683126192243303,1.034067965677777,-0.10057629780578504,58.8
제7회 전국동시지방선거,서울특별시,구로구,-30114.5,0.047031265072924294,0.03683126192243303,1.276938736771294,-0.0856847352592209,84.0
제7회 전국동시지방선거,서울특별시,금천구,-24547.0,0.03801675391069744,0.03683126192243303,1.0321871129683546,-0.1187210415840435,58.4
제7회 전국동시지방선거,서울특별시,노원구,-29752.0,0.028590291952919608,0.03683126192243303,0.7762506756659878,-0.065192716436225,20.4
제7회 전국동시지방선거,서울특별시,도봉구,-27548.0,0.03372892529396003,0.03683126192243303,0.9157689292588848,-0.09411812939022057,45.2
제7회 전국동시지방선거,서울특별시,동대문구,-27321.5,0.03144867348675116,0.03683126192243303,0.8538581586746158,-0.09018812368166529,34.4
제7회 전국동시지방선거,서울특별시,동작구,-32776.5,0.02429379628250713,0.03683126192243303,0.659597174098191,-0.0962630217128894,7.199999999999999
제7회 전국동시지방선거,서울특별시,마포구,-23968.5,0.03004782749140285,0.03683126192243303,0.8158240017592622,-0.07488026842366702,27.6
제7회 전국동시지방선거,서울특별시,서대문구,-23048.0,0.027830650952089617,0.03683126192243303,0.7556257781962838,-0.08562236702305503,17.599999999999998
제7회 전국동시지방선거,서울특별시,서초구,-21971.0,0.025702826282395314,0.03683126192243303,0.6978535336781482,-0.0610756836996225,11.200000000000001
제7회 전국동시지방선거,서울특별시,성동구,-25582.0,0.026169004326317535,0.03683126192243303,0.710510662964242,-0.09666936221347219,12.4
제7회 전국동시지방선거,서울특별시,성북구,-36667.0,0.03986947295306393,0.03683126192243303,1.0824900063709302,-0.09825711330371355,67.2
제7회 전국동시지방선거,서울특별시,송파구,-37743.5,0.047715180131800955,0.03683126192243303,1.2955076106892442,-0.06800838944616322,84.8
제7회 전국동시지방선거,서울특별시,양천구,-30885.0,0.04948311744358414,0.03683126192243303,1.343508608198004,-0.0806177956899432,87.6
제7회 전국동시지방선거,서울특별시,영등포구,-30106.0,0.04085417646647652,0.03683126192243303,1.1092255419462898,-0.09262358631043946,70.39999999999999
제7회 전국동시지방선거,서울특별시,용산구,-23314.5,0.03461483326096367,0.03683126192243303,0.9398220819548031,-0.1165672544735487,48.4
제7회 전국동시지방선거,서울특별시,은평구,-48984.0,0.030310855878819452,0.03683126192243303,0.8229654455678003,-0.11857317144019056,28.799999999999997
제7회 전국동시지방선거,서울특별시,종로구,-15479.5,0.030957876887789545,0.03683126192243303,0.840532614738727,-0.1146943977238206,31.6
제7회 전국동시지방선거,서울특별시,중구,-11425.0,0.05236005140568073,0.03683126192243303,1.4216198053694569,-0.10170381712006836,92.4
제7회 전국동시지방선거,서울특별시,중랑구,-40616.5,0.041228305232861265,0.03683126192243303,1.1193834552747188,-0.1153743456017907,71.6
제7회 전국동시지방선거,세종특별자치시,세종특별자치시,-29276.0,0.036344591528392874,0.03683126192243303,0.9867864860274109,-0.1313696982750884,54.400000000000006
제7회 전국동시지방선거,울산광역시,남구,-18182.0,0.03187152010204399,0.03683126192243303,0.865338802921434,-0.0661331975411923,38.4
제7회 전국동시지방선거,울산광역시,동구,-9254.0,0.028047497574055075,0.03683126192243303,0.7615133479032936,-0.0688972274338128,18.8
제7회 전국동시지방선거,울산광역시,북구,-11569.0,0.023340571095794297,0.03683126192243303,0.6337163017913899,-0.0727472803873483,5.6000000000000005
제7회 전국동시지방선거,울산광역시,울주군,-13444.0,0.02967516627692562,0.03683126192243303,0.8057059337098411,-0.07495288962233645,25.2
제7회 전국동시지방선거,울산광역시,중구,-12089.0,0.03186578006867891,0.03683126192243303,0.8651829561471049,-0.062024134463439164,38.0
제7회 전국동시지방선거,인천광역시,강화군,-6098.5,0.037117392178815614,0.03683126192243303,1.0077686791450473,-0.10037856966504814,55.60000000000001
제7회 전국동시지방선거,인천광역시,계양구,-32584.0,0.02546850507326009,0.03683126192243303,0.6914915141082321,-0.12239685067764522,10.0
제7회 전국동시지방선거,인천광역시,남구,-53372.0,0.04025891710719953,0.03683126192243303,1.0930637454666956,-0.14970772044386102,68.4
제7회 전국동시지방선거,인천광역시,남동구,-49885.0,0.03285521451056,0.03683126192243303,0.8920469404429687,-0.11308406554047315,42.4
제7회 전국동시지방선거,인천광역시,동구,-6133.5,0.026857881652992115,0.03683126192243303,0.7292142666617032,-0.10656022516027033,14.399999999999999
제7회 전국동시지방선거,인천광역시,부평구,-58937.0,0.037700527316177845,0.03683126192243303,1.023601292716375,-0.13137457703435884,57.599999999999994
제7회 전국동시지방선거,인천광역시,서구,-52613.5,0.03242109110948422,0.03683126192243303,0.880260121897624,-0.1244350419446619,41.199999999999996
제7회 전국동시지방선거,인천광역시,연수구,-26242.0,0.037179030982196354,0.03683126192243303,1.0094422249364068,-0.09732740907775957,56.00000000000001
제7회 전국동시지방선거,인천광역시,옹진군,-2702.0,0.08194277145070672,0.03683126192243303,2.22481574547402,-0.14267610096103073,100.0
제7회 전국동시지방선거,인천광역시,중구,-15515.0,0.028621676097832626,0.03683126192243303,0.777102781819155,-0.1573401752393315,20.8
제7회 전국동시지방선거,전라남도,강진군,-4460.5,0.044282167276201406,0.03683126192243303,1.202298399915269,-0.13974435289326106,79.60000000000001
제7회 전국동시지방선거,전라남도,고흥군,-7979.0,0.06421292139338813,0.03683126192243303,1.7434352786668328,-0.13422265585573462,98.8
제7회 전국동시지방선거,전라남도,곡성군,-3679.5,0.04596564660351545,0.03683126192243303,1.248006291511801,-0.1376079883316504,82.0
제7회 전국동시지방선거,전라남도,광양시,-15690.0,0.035249443072157195,0.03683126192243303,0.9570522765794135,-0.12844442261407732,50.8
제7회 전국동시지방선거,전라남도,구례군,-1637.5,0.03786455431773223,0.03683126192243303,1.0280547649297307,-0.06896769574190288,57.99999999999999
제7회 전국동시지방선거,전라남도,나주시,-13890.5,0.0396992677409283,0.03683126192243303,1.077868790500182,-0.14854084458845293,64.8
제7회 전국동시지방선거,전라남도,담양군,-6951.5,0.03426301003349552,0.03683126192243303,0.9302697829266271,-0.16669064575689999,46.800000000000004
제7회 전국동시지방선거,전라남도,목포시,-33161.0,0.02624011030887223,0.03683126192243303,0.7124412506998576,-0.17746061306618718,12.8
제7회 전국동시지방선거,전라남도,무안군,-8005.5,0.04985793926513589,0.03683126192243303,1.3536853385620389,-0.12035269179307545,88.8
제7회 전국동시지방선거,전라남도,보성군,-3948.0,0.041469370150015394,0.03683126192243303,1.125928572237092,-0.10242307891869455,73.6
제7회 전국동시지방선거,전라남도,순천시,-26451.5,0.051984801107508125,0.03683126192243303,1.4114314415017488,-0.11721162921572363,92.0
제7회 전국동시지방선거,전라남도,신안군,-3433.5,0.032867867079815906,0.03683126192243303,0.8923904684296707,-0.09030060752702311,42.8
제7회 전국동시지방선거,전라남도,여수시,-26338.5,0.03889166482784353,0.03683126192243303,1.0559416864333817,-0.11190776643340598,60.4
제7회 전국동시지방선거,전라남도,영광군,-6116.5,0.04127566268099485,0.03683126192243303,1.1206692501582425,-0.1310051618154169,72.8
제7회 전국동시지방선거,전라남도,영암군,-6298.0,0.042190963390265526,0.03683126192243303,1.1455204407364612,-0.13518502618700096,74.8
제7회 전국동시지방선거,전라남도,완도군,-5153.0,0.04780163374315432,0.03683126192243303,1.2978548995639898,-0.11513025604361231,85.2
제7회 전국동시지방선거,전라남도,장성군,-7463.5,0.029180619949295102,0.03683126192243303,0.7922785814602212,-0.1884579451051688,23.200000000000003
제7회 전국동시지방선거,전라남도,장흥군,-4313.5,0.05491140544552882,0.03683126192243303,1.490891231507971,-0.12403312534146131,96.0
제7회 전국동시지방선거,전라남도,진도군,-1819.5,0.04542834142803667,0.03683126192243303,1.2334180002767532,-0.06630589264239642,80.80000000000001
제7회 전국동시지방선거,전라남도,함평군,-3620.5,0.03154226161793364,0.03683126192243303,0.8563991558139367,-0.12002320570197249,36.0
제7회 전국동시지방선거,전라남도,해남군,-6243.5,0.041848496013098174,0.03683126192243303,1.1362221609792107,-0.09995837402539184,74.0
제7회 전국동시지방선거,전라남도,화순군,-6615.5,0.04121847615679769,0.03683126192243303,1.1191165875229627,-0.12128962469977815,71.2
제7회 전국동시지방선거,전라북도,고창군,-5106.0,0.05011853280081197,0.03683126192243303,1.360760674080678,-0.1012251695016058,89.2
제7회 전국동시지방선거,전라북도,군산시,-31237.0,0.0280096218423463,0.03683126192243303,0.7604849896627168,-0.13980414798105928,18.4
제7회 전국동시지방선거,전라북도,김제시,-8627.0,0.042324286844487934,0.03683126192243303,1.1491402855982307,-0.11503893748666524,75.2
제7회 전국동시지방선거,전라북도,남원시,-10602.0,0.04246527394951605,0.03683126192243303,1.152968205079378,-0.15160875160875162,75.6
제7회 전국동시지방선거,전라북도,무주군,-2730.5,0.03483567881655698,0.03683126192243303,0.9458182261015446,-0.12657024984934873,49.2
제7회 전국동시지방선거,전라북도,부안군,-5707.0,0.054250593962457974,0.03683126192243303,1.4729496392686794,-0.1174956765214527,95.19999999999999
제7회 전국동시지방선거,전라북도,순창군,-3162.5,0.0459672871523423,0.03683126192243303,1.248050833803898,-0.12430722062811997,82.39999999999999
제7회 전국동시지방선거,전라북도,완주군,-10430.5,0.03186383992238144,0.03683126192243303,0.865130279529574,-0.13282016019151674,37.6
제7회 전국동시지방선거,전라북도,익산시,-38198.0,0.029041562558241748,0.03683126192243303,0.7885030553501952,-0.1555508498733538,22.0
제7회 전국동시지방선거,전라북도,임실군,-2736.0,0.03964079963365517,0.03683126192243303,1.076281331797402,-0.10546603962685992,64.4
제7회 전국동시지방선거,전라북도,장수군,-1663.0,0.02280042684535759,0.03683126192243303,0.6190509272632444,-0.0828517337584695,4.8
제7회 전국동시지방선거,전라북도,전주시덕진구,-23758.0,0.04515793958521913,0.03683126192243303,1.2260763609002092,-0.11298591361747054,80.4
제7회 전국동시지방선거,전라북도,전주시완산구,-39963.5,0.021327470672333895,0.03683126192243303,0.5790589178630301,-0.12730107763220347,2.8000000000000003
제7회 전국동시지방선거,전라북도,정읍시,-11265.0,0.034962854433568835,0.03683126192243303,0.9492711519686977,-0.11734130538947106,50.4
제7회 전국동시지방선거,전라북도,진안군,-2215.5,0.04093547654143024,0.03683126192243303,1.1114329079367609,-0.09620478527074558,70.8
제7회 전국동시지방선거,제주특별자치도,서귀포시,-9852.0,0.03982562109769138,0.03683126192243303,1.0812993913041724,-0.06629968101858706,66.4
제7회 전국동시지방선거,제주특별자치도,제주시,-25190.5,0.0349343225977739,0.03683126192243303,0.9484964884273012,-0.06561444270506385,50.0
제7회 전국동시지방선거,충청남도,계룡시,-4237.5,0.03296326001497226,0.03683126192243303,0.8949804675276449,-0.1280482277218747,43.2
제7회 전국동시지방선거,충청남도,공주시,-11461.5,0.04020051312392927,0.03683126192243303,1.091478027784981,-0.12332813256577177,68.0
제7회 전국동시지방선거,충청남도,금산군,-3084.0,0.026592018255058615,0.03683126192243303,0.7219958499130886,-0.06659468797236018,13.600000000000001
제7회 전국동시지방선거,충청남도,논산시,-10589.5,0.032712923111976856,0.03683126192243303,0.8881836082855529,-0.10244565480279005,42.0
제7회 전국동시지방선거,충청남도,당진시,-17240.0,0.02581021356278431,0.03683126192243303,0.7007691894223134,-0.1268281199423241,11.600000000000001
제7회 전국동시지방선거,충청남도,보령시,-9357.5,0.038174590459405584,0.03683126192243303,1.03647250913644,-0.10721119143914483,59.199999999999996
제7회 전국동시지방선거,충청남도,부여군,-5546.0,0.03547793834594536,0.03683126192243303,0.9632561170633311,-0.09192163622501409,52.0
제7회 전국동시지방선거,충청남도,서산시,-16008.5,0.026517039626224374,0.03683126192243303,0.7199601165463594,-0.11473242121709465,13.200000000000001
제7회 전국동시지방선거,충청남도,서천군,-3023.5,0.02766573460856198,0.03683126192243303,0.7511481595940499,-0.06245997479703349,16.400000000000002
제7회 전국동시지방선거,충청남도,아산시,-32731.5,0.03209352614720253,0.03683126192243303,0.8713664553441527,-0.13398460045928454,40.0
제7회 전국동시지방선거,충청남도,예산군,-7883.0,0.027731499868033513,0.03683126192243303,0.7529337421681696,-0.11157188552665101,16.8
제7회 전국동시지방선거,충청남도,천안시동남구,-31297.0,0.0466586604892095,0.03683126192243303,1.266822206295105,-0.1478198031399369,83.2
제7회 전국동시지방선거,충청남도,천안시서북구,-34517.5,0.0361502974583458,0.03683126192243303,0.9815112372331595,-0.1157943997343111,54.0
제7회 전국동시지방선거,충청남도,청양군,-1390.5,0.030470166347092726,0.03683126192243303,0.8272908599021986,-0.04838036254827598,29.599999999999998
제7회 전국동시지방선거,충청남도,태안군,-4585.0,0.031150333816407402,0.03683126192243303,0.8457579835849851,-0.08218024089475194,32.800000000000004
제7회 전국동시지방선거,충청남도,홍성군,-9505.0,0.04018091705063369,0.03683126192243303,1.0909459777743988,-0.11325183490611,67.60000000000001
제7회 전국동시지방선거,충청북도,괴산군,-3898.0,0.03678261522056017,0.03683126192243303,0.9986792007839616,-0.1116841441751189,55.2
제7회 전국동시지방선거,충청북도,단양군,-1677.0,0.029934608767619966,0.03683126192243303,0.8127500173809554,-0.06258396775638154,27.200000000000003
제7회 전국동시지방선거,충청북도,보은군,-3526.0,0.045935257876714285,0.03683126192243303,1.2471812118046444,-0.11747068230277186,81.6
제7회 전국동시지방선거,충청북도,영동군,-5696.0,0.0397885670036981,0.03683126192243303,1.0802933412244518,-0.12973760932944606,65.60000000000001
제7회 전국동시지방선거,충청북도,옥천군,-3635.0,0.043057423543427904,0.03683126192243303,1.1690455687917298,-0.08102625830324105,76.4
제7회 전국동시지방선거,충청북도,음성군,-11658.0,0.027785870971566918,0.03683126192243303,0.7544099637445009,-0.14247305257497617,17.2
제7회 전국동시지방선거,충청북도,제천시,-12364.5,0.03389447907061427,0.03683126192243303,0.9202638547111514,-0.10797464043383721,46.0
제7회 전국동시지방선거,충청북도,증평군,-3820.0,0.024793687305676628,0.03683126192243303,0.6731696393648514,-0.12468176773940857,8.799999999999999
제7회 전국동시지방선거,충청북도,진천군,-9199.5,0.04066968595348982,0.03683126192243303,1.104216468041213,-0.14906424694158632,69.6
제7회 전국동시지방선거,충청북도,청주시상당구,-16662.5,0.030121889236866563,0.03683126192243303,0.8178348409648177,-0.11867454862718564,28.000000000000004
제7회 전국동시지방선거,충청북도,청주시서원구,-19101.5,0.03386204976066174,0.03683126192243303,0.9193833714406942,-0.10958538670277154,45.6
제7회 전국동시지방선거,충청북도,청주시청원구,-16370.5,0.03132960540829574,0.03683126192243303,0.8506253593557607,-0.1061303476845879,34.0
제7회 전국동시지방선거,충청북도,청주시흥덕구,-25595.5,0.03128402105217421,0.03683126192243303,0.8493877054242301,-0.12507635396967343,33.2
제7회 전국동시지방선거,충청북도,충주시,-19894.0,0.039524270982088765,0.03683126192243303,1.0731174800724241,-0.11341170032038492,63.6
제8회 전국동시지방선거,강원도,강릉시,-35485.0,0.024337765587751185,0.03511764047757659,0.6930353308700055,-0.19098081849691073,9.6
제8회 전국동시지방선거,강원도,고성군,-2811.0,0.05664070949837946,0.03511764047757659,1.612884827343279,-0.11345657087504037,98.0
제8회 전국동시지방선거,강원도,동해시,-15399.0,0.018177136558121643,0.03511764047757659,0.5176070006676035,-0.20028353666467238,2.8000000000000003
제8회 전국동시지방선거,강원도,삼척시,-9422.5,0.04492693839549585,0.03511764047757659,1.2793267937287165,-0.1652403416165407,86.0
제8회 전국동시지방선거,강원도,속초시,-14977.5,0.03733890120881323,0.03511764047757659,1.0632519924752624,-0.2091216263386437,66.4
제8회 전국동시지방선거,강원도,양구군,-2574.0,0.040897832049050925,0.03511764047757659,1.1645951007205373,-0.13874514877102198,74.8
제8회 전국동시지방선거,강원도,양양군,-3513.5,0.0287416812695336,0.03511764047757659,0.8184399885261601,-0.13855041602586854,26.0
제8회 전국동시지방선거,강원도,영월군,-4945.5,0.032614000859137945,0.03511764047757659,0.9287070661812467,-0.14388583398795496,41.6
제8회 전국동시지방선거,강원도,원주시,-60174.0,0.023788298525773164,0.03511764047757659,0.6773888621863001,-0.19790172992172597,7.199999999999999
제8회 전국동시지방선거,강원도,인제군,-4518.5,0.04238980746670656,0.03511764047757659,1.207080170826779,-0.16172733455027022,80.0
제8회 전국동시지방선거,강원도,정선군,-4707.5,0.04736772865395618,0.03511764047757659,1.3488300469446843,-0.14710477797568827,91.2
제8회 전국동시지방선거,강원도,철원군,-4877.5,0.03205313245860336,0.03511764047757659,0.9127359362047691,-0.1314725464298229,39.2
제8회 전국동시지방선거,강원도,춘천시,-40703.0,0.04678862623718445,0.03511764047757659,1.3323396902778835,-0.16653846468580968,88.8
제8회 전국동시지방선거,강원도,태백시,-6627.0,0.027210172137972947,0.03511764047757659,0.7748291675617347,-0.1880746963332955,21.6
제8회 전국동시지방선거,강원도,평창군,-5993.0,0.051416599929662285,0.03511764047757659,1.4641245604895623,-0.16036069784865675,95.6
제8회 전국동시지방선거,강원도,홍천군,-9636.5,0.02956729297748193,0.03511764047757659,0.8419498740629036,-0.1586437943466737,30.0
제8회 전국동시지방선거,강원도,화천군,-3408.5,0.04268329364487199,0.03511764047757659,1.2154374002469286,-0.16188553787698884,81.2
제8회 전국동시지방선거,강원도,횡성군,-7053.5,0.021000642555069074,0.03511764047757659,0.5980083590319362,-0.16883691983627355,4.8
제8회 전국동시지방선거,경기도,가평군,-9164.5,0.019370861681999724,0.03511764047757659,0.5515991797446773,-0.16426484558441326,3.2
제8회 전국동시지방선거,경기도,고양시덕양구,-80869.5,0.042344860329903575,0.03511764047757659,1.2058002688689102,-0.17512749715770667,79.60000000000001
제8회 전국동시지방선거,경기도,고양시일산동구,-40337.0,0.05306651006964385,0.03511764047757659,1.5111069350894466,-0.17612564622048343,96.39999999999999
제8회 전국동시지방선거,경기도,고양시일산서구,-36692.5,0.03670504390238002,0.03511764047757659,1.045202451053539,-0.15687863149928813,64.0
제8회 전국동시지방선거,경기도,과천시,-6962.0,0.03435080725762349,0.03511764047757659,0.9781638740665752,-0.10674639681079423,49.6
제8회 전국동시지방선거,경기도,광명시,-40176.5,0.04338437644164739,0.03511764047757659,1.2354012357222377,-0.16250460092301594,83.2
제8회 전국동시지방선거,경기도,광주시,-69858.5,0.04350298998607869,0.03511764047757659,1.2387788414730294,-0.21191654203991495,84.0
제8회 전국동시지방선거,경기도,구리시,-25338.5,0.03826245538829264,0.03511764047757659,1.0895508601360644,-0.15446066628059374,68.0
제8회 전국동시지방선거,경기도,군포시,-34280.0,0.037185252825704784,0.03511764047757659,1.0588767445651257,-0.14827502681753693,66.0
제8회 전국동시지방선거,경기도,김포시,-67261.0,0.03941413739180945,0.03511764047757659,1.1223458312062928,-0.1713202106957647,69.6
제8회 전국동시지방선거,경기도,남양주시,-108009.0,0.03642901931819825,0.03511764047757659,1.0373424530460413,-0.17698849670632189,62.0
제8회 전국동시지방선거,경기도,동두천시,-19155.0,0.024969179572526767,0.03511764047757659,0.7110152969551059,-0.23626563386535757,12.0
제8회 전국동시지방선거,경기도,부천시,-140081.0,0.031223325725275,0.03511764047757659,0.8891065943115342,-0.19926910525851596,38.0
제8회 전국동시지방선거,경기도,성남시분당구,-40737.5,0.02788503025133159,0.03511764047757659,0.7940462363676403,-0.10080221115325895,22.8
제8회 전국동시지방선거,경기도,성남시수정구,-44707.5,0.042266338074261,0.03511764047757659,1.2035642913210247,-0.21400671112025926,78.8
제8회 전국동시지방선거,경기도,성남시중원구,-38951.0,0.038995980501736624,0.03511764047757659,1.1104385138470918,-0.21001466560269158,68.4
제8회 전국동시지방선거,경기도,수원시권선구,-64987.5,0.04160558007595228,0.03511764047757659,1.1847487334041815,-0.18441035507240208,76.4
제8회 전국동시지방선거,경기도,수원시영통구,-46185.0,0.0334544793706854,0.03511764047757659,0.9526402946133823,-0.15558048346673134,45.2
제8회 전국동시지방선거,경기도,수원시장안구,-33641.0,0.03918706779850963,0.03511764047757659,1.115879861676113,-0.1688771309813056,68.8
제8회 전국동시지방선거,경기도,수원시팔달구,-33798.0,0.04195750433724099,0.03511764047757659,1.1947700291547723,-0.20597735333910266,77.60000000000001
제8회 전국동시지방선거,경기도,시흥시,-91966.0,0.046998575688188035,0.03511764047757659,1.33831815147711,-0.2132040653572952,89.60000000000001
제8회 전국동시지방선거,경기도,안산시단원구,-55215.5,0.06095455276622534,0.03511764047757659,1.7357246084100157,-0.20739851781736776,98.4
제8회 전국동시지방선거,경기도,안산시상록구,-64078.0,0.036104636535322275,0.03511764047757659,1.0281054206468088,-0.20982350437145944,59.199999999999996
제8회 전국동시지방선거,경기도,안성시,-36127.0,0.03361489781555816,0.03511764047757659,0.9572083248879445,-0.22093592142761043,46.400000000000006
제8회 전국동시지방선거,경기도,안양시동안구,-38053.5,0.0262849979825734,0.03511764047757659,0.7484841699247126,-0.14354340421197959,18.8
제8회 전국동시지방선거,경기도,안양시만안구,-39424.0,0.03603029925119197,0.03511764047757659,1.0259886131643194,-0.18868935942106674,58.4
제8회 전국동시지방선거,경기도,양주시,-41083.5,0.034979207109968,0.03511764047757659,0.9960580105688769,-0.20775369024682555,52.400000000000006
제8회 전국동시지방선거,경기도,양평군,-19432.5,0.01814091422667391,0.03511764047757659,0.5165755437999116,-0.18133252461158028,2.4
제8회 전국동시지방선거,경기도,여주시,-20864.5,0.033847468527224624,0.03511764047757659,0.9638309427091778,-0.21218207519347523,47.599999999999994
제8회 전국동시지방선거,경기도,연천군,-5642.0,0.045284894211964244,0.03511764047757659,1.2895198423390568,-0.14887329146656816,86.8
제8회 전국동시지방선거,경기도,오산시,-40666.5,0.053361488855551996,0.03511764047757659,1.519506667585612,-0.21361260669730794,96.8
제8회 전국동시지방선거,경기도,용인시기흥구,-66502.5,0.025388110615318003,0.03511764047757659,0.7229446588682087,-0.1529429486751959,13.600000000000001
제8회 전국동시지방선거,경기도,용인시수지구,-29447.5,0.02426638086426743,0.03511764047757659,0.6910025996695895,-0.12693818081497352,9.2
제8회 전국동시지방선거,경기도,용인시처인구,-46846.5,0.030084654672639315,0.03511764047757659,0.856682119399481,-0.21031637357851873,32.0
제8회 전국동시지방선거,경기도,의왕시,-19256.0,0.030270678915374938,0.03511764047757659,0.8619792931334169,-0.13860416906599102,32.4
제8회 전국동시지방선거,경기도,의정부시,-84515.5,0.03627139969479597,0.03511764047757659,1.0328541212202478,-0.21119529608148394,60.8
제8회 전국동시지방선거,경기도,이천시,-43575.5,0.0250750749201647,0.03511764047757659,0.7140307429303431,-0.23109252610533348,12.4
제8회 전국동시지방선거,경기도,파주시,-78198.5,0.047898947844494506,0.03511764047757659,1.3639568944012361,-0.19369056966430453,92.0
제8회 전국동시지방선거,경기도,평택시,-108054.0,0.03659868878945871,0.03511764047757659,1.0421739129321006,-0.2258861600983368,63.2
제8회 전국동시지방선거,경기도,포천시,-27483.0,0.026773652462197595,0.03511764047757659,0.7623989567093262,-0.20823609637823912,20.0
제8회 전국동시지방선거,경기도,하남시,-51284.0,0.03595090669253878,0.03511764047757659,1.023727853114,-0.19217855322720867,57.99999999999999
제8회 전국동시지방선거,경기도,화성시,-146455.5,0.034847402061263376,0.03511764047757659,0.9923047672725688,-0.2059189093808042,51.6
제8회 전국동시지방선거,경상남도,거제시,-39890.5,0.025395761951625982,0.03511764047757659,0.723162536157341,-0.2062921150753223,14.000000000000002
제8회 전국동시지방선거,경상남도,거창군,-8898.5,0.03328554122529796,0.03511764047757659,0.9478296597560858,-0.16852262182072988,44.0
제8회 전국동시지방선거,경상남도,고성군,-6955.5,0.033940714928787384,0.03511764047757659,0.9664862008727295,-0.1554475360375461,48.0
제8회 전국동시지방선거,경상남도,김해시,-93351.0,0.027531759101961522,0.03511764047757659,0.7839865870129052,-0.2100210581258268,22.0
제8회 전국동시지방선거,경상남도,남해군,-6109.0,0.04789170025439401,0.03511764047757659,1.3637505140749404,-0.1585188644973792,91.60000000000001
제8회 전국동시지방선거,경상남도,밀양시,-17943.5,0.02969275047942627,0.03511764047757659,0.845522366412566,-0.19415379954338394,30.8
제8회 전국동시지방선거,경상남도,사천시,-16602.0,0.041017702842890545,0.03511764047757659,1.168008507549967,-0.17671854043812402,75.2
제8회 전국동시지방선거,경상남도,산청군,-5690.0,0.020467731288261307,0.03511764047757659,0.5828333284900055,-0.18070376016260162,4.0
제8회 전국동시지방선거,경상남도,양산시,-54562.5,0.036114054721703794,0.03511764047757659,1.0283736102590217,-0.18532765419770322,59.599999999999994
제8회 전국동시지방선거,경상남도,의령군,-3209.5,0.05534467252338194,0.03511764047757659,1.575979244924521,-0.13212712527273476,97.6
제8회 전국동시지방선거,경상남도,진주시,-56329.0,0.025724509852449232,0.03511764047757659,0.7325238684209128,-0.19279661016949154,14.799999999999999
제8회 전국동시지방선거,경상남도,창녕군,-8161.0,0.030862259779464975,0.03511764047757659,0.878824982537515,-0.15221202626081767,36.0
제8회 전국동시지방선거,경상남도,창원시마산합포구,-28965.0,0.03638638287553869,0.03511764047757659,1.0361283497612042,-0.1846668791839337,61.6
제8회 전국동시지방선거,경상남도,창원시마산회원구,-26429.5,0.035773439142083814,0.03511764047757659,1.0186743373298661,-0.16520192770481865,56.39999999999999
제8회 전국동시지방선거,경상남도,창원시성산구,-32321.5,0.023372428495195507,0.03511764047757659,0.6655466647914268,-0.15187889723745482,6.800000000000001
제8회 전국동시지방선거,경상남도,창원시의창구,-31636.0,0.023908819969553224,0.03511764047757659,0.6808207967394492,-0.17083549334715742,8.0
제8회 전국동시지방선거,경상남도,창원시진해구,-35197.0,0.037858014859209047,0.03511764047757659,1.0780341259938078,-0.2203530958492456,66.8
제8회 전국동시지방선거,경상남도,통영시,-18217.0,0.0331070317622025,0.03511764047757659,0.9427464747622236,-0.17175478956101975,43.6
제8회 전국동시지방선거,경상남도,하동군,-8208.0,0.03655782140891143,0.03511764047757659,1.0410101849597335,-0.20817693010043622,62.8
제8회 전국동시지방선거,경상남도,함안군,-8828.5,0.03471859506778478,0.03511764047757659,0.9886368957491148,-0.16311316397228637,50.8
제8회 전국동시지방선거,경상남도,함양군,-5892.5,0.03923712104704115,0.03511764047757659,1.117305163827705,-0.1712985842611704,69.19999999999999
제8회 전국동시지방선거,경상남도,합천군,-5446.5,0.047007224675538965,0.03511764047757659,1.338564437595235,-0.1381133510840624,90.0
제8회 전국동시지방선거,경상북도,경산시,-49482.0,0.035298173909351326,0.03511764047757659,1.0051408189536541,-0.2145086614992457,53.2
제8회 전국동시지방선거,경상북도,경주시,-50485.0,0.024717557082444126,0.03511764047757659,0.7038501660789781,-0.22896730010431313,11.600000000000001
제8회 전국동시지방선거,경상북도,고령군,-4246.5,0.04919634794459095,0.03511764047757659,1.4009012927848594,-0.15298843534964154,93.60000000000001
제8회 전국동시지방선거,경상북도,구미시,-78190.0,0.04916408542861519,0.03511764047757659,1.3999825945028275,-0.2316672098604486,93.2
제8회 전국동시지방선거,경상북도,군위군,-4883.0,0.04713808179973838,0.03511764047757659,1.342290688061378,-0.2214110818899066,90.8
제8회 전국동시지방선거,경상북도,김천시,-27563.5,0.04841678324753165,0.03511764047757659,1.378702628909447,-0.22879780196063784,92.4
제8회 전국동시지방선거,경상북도,문경시,-13437.0,0.02784328524341485,0.03511764047757659,0.7928575173264679,-0.20942955112219452,22.400000000000002
제8회 전국동시지방선거,경상북도,봉화군,-4459.0,0.04544547981848334,0.03511764047757659,1.2940926326613917,-0.15927275325046436,88.4
제8회 전국동시지방선거,경상북도,상주시,-15439.0,0.04109496559870117,0.03511764047757659,1.1702086199367876,-0.18167804189220993,75.6
제8회 전국동시지방선거,경상북도,성주군,-8034.5,0.030706364537977086,0.03511764047757659,0.8743857537235111,-0.20365770195939267,34.8
제8회 전국동시지방선거,경상북도,안동시,-26610.0,0.04928920876318387,0.03511764047757659,1.4035455711967937,-0.19586050551294695,94.0
제8회 전국동시지방선거,경상북도,영덕군,-5390.0,0.026104685439746228,0.03511764047757659,0.7433496409422684,-0.16778732411903874,17.599999999999998
제8회 전국동시지방선거,경상북도,영양군,-3038.0,0.034799909079850234,0.03511764047757659,0.9909523705634713,-0.20361930294906166,51.2
제8회 전국동시지방선거,경상북도,영주시,-13344.5,0.03453754027852139,0.03511764047757659,0.9834812307670385,-0.14983550600150458,50.0
제8회 전국동시지방선거,경상북도,영천시,-16688.0,0.039837071222198546,0.03511764047757659,1.134389175367161,-0.18352175251836536,72.0
제8회 전국동시지방선거,경상북도,예천군,-9072.5,0.0360505886559316,0.03511764047757659,1.0265663685164361,-0.1907550303820357,58.8
제8회 전국동시지방선거,경상북도,울릉군,-1360.5,0.014669681507657085,0.03511764047757659,0.41772970245606367,-0.16314905864012472,0.8
제8회 전국동시지방선거,경상북도,울진군,-7344.5,0.035757797562455854,0.03511764047757659,1.0182289321313607,-0.1746071369136771,56.00000000000001
제8회 전국동시지방선거,경상북도,의성군,-10290.0,0.04240308127064781,0.03511764047757659,1.2074581519143675,-0.21815637720488468,80.4
제8회 전국동시지방선거,경상북도,청도군,-5057.0,0.05198980871311503,0.03511764047757659,1.4804470917205188,-0.131098667496241,96.0
제8회 전국동시지방선거,경상북도,청송군,-3238.0,0.02655968097825557,0.03511764047757659,0.7563059652374575,-0.14207985958753838,19.6
제8회 전국동시지방선거,경상북도,칠곡군,-22750.5,0.0355875450770638,0.03511764047757659,1.0133808704997493,-0.23678458800387173,55.2
제8회 전국동시지방선거,경상북도,포항시남구,-43400.5,0.03976821217140341,0.03511764047757659,1.1324283645080402,-0.2206128289456963,71.2
제8회 전국동시지방선거,경상북도,포항시북구,-48669.0,0.02895245196815,0.03511764047757659,0.8244418353401847,-0.2107248008313128,27.200000000000003
제8회 전국동시지방선거,광주광역시,광산구,-99074.0,0.02470111759391648,0.03511764047757659,0.7033820398522704,-0.3035262400049018,11.200000000000001
제8회 전국동시지방선거,광주광역시,남구,-52809.0,0.026170726877787157,0.03511764047757659,0.7452302182573388,-0.2931260338147626,18.0
제8회 전국동시지방선거,광주광역시,동구,-25589.5,0.037969068809782895,0.03511764047757659,1.0811964668875464,-0.2835244584787546,67.2
제8회 전국동시지방선거,광주광역시,북구,-110507.0,0.02284845805466658,0.03511764047757659,0.6506262306904087,-0.30424093254263235,5.6000000000000005
제8회 전국동시지방선거,광주광역시,서구,-71256.5,0.024348390699370493,0.03511764047757659,0.6933378885440067,-0.28867368062842075,10.0
제8회 전국동시지방선거,대구광역시,남구,-29671.5,0.03240592774072348,0.03511764047757659,0.9227820348982557,-0.22991716581559515,40.8
제8회 전국동시지방선거,대구광역시,달서구,-101476.5,0.025400132000278977,0.03511764047757659,0.7232869764270621,-0.21853968759893094,14.399999999999999
제8회 전국동시지방선거,대구광역시,달성군,-43351.0,0.03621419321352367,0.03511764047757659,1.031225125635854,-0.20202721595675271,60.0
제8회 전국동시지방선거,대구광역시,동구,-63444.5,0.026031897317016838,0.03511764047757659,0.741276946941774,-0.2135653526237659,17.2
제8회 전국동시지방선거,대구광역시,북구,-81672.5,0.028517221790456466,0.03511764047757659,0.8120483438705217,-0.21871309480133788,24.8
제8회 전국동시지방선거,대구광역시,서구,-33544.0,0.02580724218312307,0.03511764047757659,0.7348797308749027,-0.22628475829409464,16.0
제8회 전국동시지방선거,대구광역시,수성구,-74865.0,0.01733218939702983,0.03511764047757659,0.4935465242346458,-0.21448339483394835,2.0
제8회 전국동시지방선거,대구광역시,중구,-16235.5,0.02578490991408736,0.03511764047757659,0.7342438034967529,-0.23589538685070832,15.6
제8회 전국동시지방선거,대전광역시,대덕구,-29762.0,0.03205874525750297,0.03511764047757659,0.9128957646790993,-0.19482083709725986,39.6
제8회 전국동시지방선거,대전광역시,동구,-42158.0,0.02869592054032467,0.03511764047757659,0.8171369189409997,-0.2197079455081769,25.6
제8회 전국동시지방선거,대전광역시,서구,-83937.5,0.05032347006303185,0.03511764047757659,1.432996903512482,-0.2103512223238563,94.39999999999999
제8회 전국동시지방선거,대전광역시,유성구,-53780.0,0.034117364480369165,0.03511764047757659,0.9715164235522565,-0.18546106628043313,48.8
제8회 전국동시지방선거,대전광역시,중구,-39708.0,0.030596315610582805,0.03511764047757659,0.8712520315856428,-0.19864528199945972,33.6
제8회 전국동시지방선거,부산광역시,강서구,-22132.5,0.022137033530799627,0.03511764047757659,0.6303679071187777,-0.19610753240769455,5.2
제8회 전국동시지방선거,부산광역시,금정구,-40354.5,0.03356832780967998,0.03511764047757659,0.9558822105691901,-0.20132455286986456,45.6
제8회 전국동시지방선거,부산광역시,기장군,-29052.5,0.03980463942264642,0.03511764047757659,1.1334656566138772,-0.20193437176359377,71.6
제8회 전국동시지방선거,부산광역시,남구,-41484.5,0.04396793396738979,0.03511764047757659,1.2520184548123132,-0.18273580625410207,84.8
제8회 전국동시지방선거,부산광역시,동구,-18357.5,0.03562103328269523,0.03511764047757659,1.0143344711738271,-0.22700293066564445,55.60000000000001
제8회 전국동시지방선거,부산광역시,동래구,-43302.0,0.022909523610557907,0.03511764047757659,0.6523651161924207,-0.18502439816436927,6.4
제8회 전국동시지방선거,부산광역시,부산진구,-65415.5,0.04271166374578876,0.03511764047757659,1.2162452592184014,-0.20897851609296383,82.0
제8회 전국동시지방선거,부산광역시,북구,-41121.5,0.043595108715371,0.03511764047757659,1.2414019883598806,-0.16730543112532395,84.39999999999999
제8회 전국동시지방선거,부산광역시,사상구,-36943.5,0.02573178754341682,0.03511764047757659,0.7327311058909881,-0.20010020311442112,15.2
제8회 전국동시지방선거,부산광역시,사하구,-55543.5,0.024043755728218822,0.03511764047757659,0.684663189247333,-0.20658662590241125,8.799999999999999
제8회 전국동시지방선거,부산광역시,서구,-19754.0,0.026028439550962665,0.03511764047757659,0.7411784845733703,-0.21144007021599984,16.8
제8회 전국동시지방선거,부산광역시,수영구,-33482.5,0.03645860988309654,0.03511764047757659,1.0381850656047407,-0.21429211440859663,62.4
제8회 전국동시지방선거,부산광역시,연제구,-30693.5,0.035888180919163626,0.03511764047757659,1.0219416917283792,-0.17035571367518995,57.599999999999994
제8회 전국동시지방선거,부산광역시,영도구,-22008.5,0.028144722403092244,0.03511764047757659,0.8014411566478474,-0.22142461894461493,24.0
제8회 전국동시지방선거,부산광역시,중구,-8378.0,0.04270245100774372,0.03511764047757659,1.215982919894923,-0.2191128779161,81.6
제8회 전국동시지방선거,부산광역시,해운대구,-65309.0,0.034588632894978245,0.03511764047757659,0.9849361296657694,-0.19324590629604863,50.4
제8회 전국동시지방선거,서울특별시,강남구,-68184.5,0.0629946937092013,0.03511764047757659,1.7938190850101345,-0.15122035063595737,98.8
제8회 전국동시지방선거,서울특별시,강동구,-71052.0,0.04071355822613559,0.03511764047757659,1.1593477714464366,-0.17872738615096695,74.0
제8회 전국동시지방선거,서울특별시,강북구,-57575.0,0.029454410905391686,0.03511764047757659,0.8387354760978032,-0.21472793048148286,29.2
제8회 전국동시지방선거,서울특별시,강서구,-95032.0,0.04532383324189955,0.03511764047757659,1.2906286591446783,-0.18832911221824553,87.2
제8회 전국동시지방선거,서울특별시,관악구,-94769.0,0.045384724732666644,0.03511764047757659,1.292362588017433,-0.21051357234883825,88.0
제8회 전국동시지방선거,서울특별시,광진구,-59371.0,0.041839526549663345,0.03511764047757659,1.1914105270363717,-0.1943646018162652,76.8
제8회 전국동시지방선거,서울특별시,구로구,-61976.5,0.04518279978966461,0.03511764047757659,1.2866126304389627,-0.17522483933988697,86.4
제8회 전국동시지방선거,서울특별시,금천구,-44316.5,0.043354424977124106,0.03511764047757659,1.234548346287869,-0.20817694558880867,82.8
제8회 전국동시지방선거,서울특별시,노원구,-70148.0,0.028572151075055317,0.03511764047757659,0.8136124946463669,-0.1587964178672003,25.2
제8회 전국동시지방선거,서울특별시,도봉구,-52280.5,0.03665060226093913,0.03511764047757659,1.0436521862663686,-0.1861092224282963,63.6
제8회 전국동시지방선거,서울특별시,동대문구,-53967.0,0.03050770306801014,0.03511764047757659,0.8687287258803735,-0.178684475405928,33.2
제8회 전국동시지방선거,서울특별시,동작구,-64921.0,0.02896738342293872,0.03511764047757659,0.8248670192245705,-0.18857034971534797,27.6
제8회 전국동시지방선거,서울특별시,마포구,-56411.0,0.03531932908079805,0.03511764047757659,1.0057432276337086,-0.17382475472070208,53.6
제8회 전국동시지방선거,서울특별시,서대문구,-48293.0,0.029133416471307485,0.03511764047757659,0.8295949293606395,-0.1777320604450202,28.4
제8회 전국동시지방선거,서울특별시,서초구,-48555.5,0.06665242513517662,0.03511764047757659,1.8979756107969643,-0.14173105382834825,99.2
제8회 전국동시지방선거,서울특별시,성동구,-42391.0,0.036267622075750655,0.03511764047757659,1.0327465508085134,-0.16822492956069685,60.4
제8회 전국동시지방선거,서울특별시,성북구,-71214.5,0.03820193712695021,0.03511764047757659,1.087827559238868,-0.18784009411193728,67.60000000000001
제8회 전국동시지방선거,서울특별시,송파구,-93966.5,0.04902581417784108,0.03511764047757659,1.3960452214648413,-0.16499621602543954,92.80000000000001
제8회 전국동시지방선거,서울특별시,양천구,-61892.0,0.051090610530239125,0.03511764047757659,1.4548417785318362,-0.16354335119594973,95.19999999999999
제8회 전국동시지방선거,서울특별시,영등포구,-59525.5,0.04433623885271159,0.03511764047757659,1.26250620058091,-0.17506624668766563,85.6
제8회 전국동시지방선거,서울특별시,용산구,-38117.5,0.03698885089094064,0.03511764047757659,1.0532840586074927,-0.19148652925485152,65.2
제8회 전국동시지방선거,서울특별시,은평구,-87408.5,0.03231691401260189,0.03511764047757659,0.9202473051467388,-0.20891782010435314,40.400000000000006
제8회 전국동시지방선거,서울특별시,종로구,-25422.0,0.03586826177140182,0.03511764047757659,1.0213744797092652,-0.19583102237012387,57.199999999999996
제8회 전국동시지방선거,서울특별시,중구,-21001.5,0.042133754117153796,0.03511764047757659,1.1997888680492972,-0.18744812074366962,78.4
제8회 전국동시지방선거,서울특별시,중랑구,-72305.0,0.039875499414559604,0.03511764047757659,1.1354834457064682,-0.20731903131648516,72.39999999999999
제8회 전국동시지방선거,세종특별자치시,세종특별자치시,-62233.5,0.026805604301739398,0.03511764047757659,0.7633088082570748,-0.21293955019349275,20.4
제8회 전국동시지방선거,울산광역시,남구,-48073.0,0.03258437167008444,0.03511764047757659,0.9278633537720252,-0.17942373007875193,41.199999999999996
제8회 전국동시지방선거,울산광역시,동구,-21679.5,0.026383153399107913,0.03511764047757659,0.7512792158104744,-0.17021017673060163,19.2
제8회 전국동시지방선거,울산광역시,북구,-31664.0,0.020842686931819315,0.03511764047757659,0.5935104593694968,-0.18013015974150093,4.3999999999999995
제8회 전국동시지방선거,울산광역시,울주군,-34100.5,0.03085349959256686,0.03511764047757659,0.8785755299325284,-0.18037725269900715,35.6
제8회 전국동시지방선거,울산광역시,중구,-29403.5,0.033611472758254,0.03511764047757659,0.9571107939246569,-0.1624009278948386,46.0
제8회 전국동시지방선거,인천광역시,강화군,-12089.5,0.045351041974964694,0.03511764047757659,1.2914034473336091,-0.19145010847704563,87.6
제8회 전국동시지방선거,인천광역시,계양구,-43231.0,0.03292233071419355,0.03511764047757659,0.9374869799471638,-0.16746076016052308,42.8
제8회 전국동시지방선거,인천광역시,남동구,-93058.0,0.029448535508749644,0.03511764047757659,0.8385681699644144,-0.21090778875224941,28.799999999999997
제8회 전국동시지방선거,인천광역시,동구,-10968.0,0.02380533678106306,0.03511764047757659,0.677874038726016,-0.20801092398725535,7.6
제8회 전국동시지방선거,인천광역시,미추홀구,-87485.0,0.0402050641468878,0.03511764047757659,1.1448680378329987,-0.24395446889674635,73.2
제8회 전국동시지방선거,인천광역시,부평구,-92946.5,0.039630524963452284,0.03511764047757659,1.128507622508331,-0.2179473952019284,70.0
제8회 전국동시지방선거,인천광역시,서구,-106815.0,0.029486949997394808,0.03511764047757659,0.8396620500805826,-0.22618124992059357,29.599999999999998
제8회 전국동시지방선거,인천광역시,연수구,-59488.5,0.028881568445204668,0.03511764047757659,0.8224233761845762,-0.18713960796896972,26.400000000000002
제8회 전국동시지방선거,인천광역시,옹진군,-3817.5,0.07102549581414755,0.03511764047757659,2.022501934875122,-0.2020375760783276,100.0
제8회 전국동시지방선거,인천광역시,중구,-29220.0,0.028999484503895855,0.03511764047757659,0.8257811205286609,-0.23380863219549666,28.000000000000004
제8회 전국동시지방선거,전라남도,강진군,-6841.0,0.03345130025493166,0.03511764047757659,0.9525497670121397,-0.22691389146875415,44.800000000000004
제8회 전국동시지방선거,전라남도,고흥군,-13150.5,0.043487482444637716,0.03511764047757659,1.2383372531080346,-0.22921859476041903,83.6
제8회 전국동시지방선거,전라남도,곡성군,-5593.0,0.04246451188472043,0.03511764047757659,1.2092074327099223,-0.22197967931417686,80.80000000000001
제8회 전국동시지방선거,전라남도,광양시,-26551.0,0.028388612065963947,0.03511764047757659,0.8083860897229335,-0.20971691257780165,24.4
제8회 전국동시지방선거,전라남도,구례군,-3466.0,0.024377094250924707,0.03511764047757659,0.6941552427615413,-0.15169817927170867,10.4
제8회 전국동시지방선거,전라남도,나주시,-25912.5,0.03364147475163587,0.03511764047757659,0.9579651222045147,-0.261872037675213,46.800000000000004
제8회 전국동시지방선거,전라남도,담양군,-10262.0,0.03522293883048981,0.03511764047757659,1.002998446122269,-0.2459731543624161,52.800000000000004
제8회 전국동시지방선거,전라남도,목포시,-50772.0,0.022906938267760527,0.03511764047757659,0.6522914967019817,-0.27681940112969705,6.0
제8회 전국동시지방선거,전라남도,무안군,-19045.5,0.03704240337585039,0.03511764047757659,1.0548090040247096,-0.2542960144201883,65.60000000000001
제8회 전국동시지방선거,전라남도,보성군,-7402.5,0.046956615942328014,0.03511764047757659,1.3371233176189865,-0.20717304301586859,89.2
제8회 전국동시지방선거,전라남도,순천시,-46513.0,0.04046684829161661,0.03511764047757659,1.152322529113413,-0.19756447721635123,73.6
제8회 전국동시지방선거,전라남도,신안군,-8689.0,0.04705327461730033,0.03511764047757659,1.3398757427152577,-0.24652442830392102,90.4
제8회 전국동시지방선거,전라남도,여수시,-55529.5,0.05519352293018385,0.03511764047757659,1.5716751518492869,-0.23441939201540013,97.2
제8회 전국동시지방선거,전라남도,영광군,-9901.5,0.03541024005224504,0.03511764047757659,1.0083319827496748,-0.21858098412768492,54.800000000000004
제8회 전국동시지방선거,전라남도,영암군,-11386.5,0.03537406773749863,0.03511764047757659,1.0073019501434264,-0.24303643465454314,54.0
제8회 전국동시지방선거,전라남도,완도군,-8778.5,0.06731981906398662,0.03511764047757659,1.9169801315943154,-0.20559992505328242,99.6
제8회 전국동시지방선거,전라남도,장성군,-10319.0,0.03394117135377604,0.03511764047757659,0.966499197901643,-0.2682349883025734,48.4
제8회 전국동시지방선거,전라남도,장흥군,-7282.0,0.02534033005934903,0.03511764047757659,0.7215840732673771,-0.2239926176561058,13.200000000000001
제8회 전국동시지방선거,전라남도,진도군,-5006.0,0.032797706785091085,0.03511764047757659,0.9339382241820365,-0.18715417975175713,42.0
제8회 전국동시지방선거,전라남도,함평군,-6358.5,0.0281285896769129,0.03511764047757659,0.8009817656990265,-0.22404073147528275,23.599999999999998
제8회 전국동시지방선거,전라남도,해남군,-13134.5,0.03679757861951416,0.03511764047757659,1.0478374434925448,-0.22103394308601046,64.4
제8회 전국동시지방선거,전라남도,화순군,-12221.0,0.03968988804796809,0.03511764047757659,1.1301980289168625,-0.2210585341147529,70.39999999999999
제8회 전국동시지방선거,전라북도,고창군,-10165.5,0.031079986836815253,0.03511764047757659,0.885024916655791,-0.21364620331644985,37.2
제8회 전국동시지방선거,전라북도,군산시,-65326.0,0.02719056117442948,0.03511764047757659,0.7742707313092766,-0.29043329806247387,21.2
제8회 전국동시지방선거,전라북도,김제시,-16858.0,0.02991951031011512,0.03511764047757659,0.8519795152302276,-0.23298045827690098,31.2
제8회 전국동시지방선거,전라북도,남원시,-16862.5,0.025253516067402833,0.03511764047757659,0.7191119825811696,-0.24435926790035795,12.8
제8회 전국동시지방선거,전라북도,무주군,-4715.5,0.04427120781429723,0.03511764047757659,1.2606543951198943,-0.22160345880915455,85.2
제8회 전국동시지방선거,전라북도,부안군,-11062.0,0.032190643605232674,0.03511764047757659,0.9166516647320634,-0.24251326347174113,40.0
제8회 전국동시지방선거,전라북도,순창군,-5562.0,0.03579320722374736,0.03511764047757659,1.0192372476334832,-0.23273914135074064,56.8
제8회 전국동시지방선거,전라북도,완주군,-19735.0,0.033347288113085835,0.03511764047757659,0.9495879466725231,-0.2520949363854683,44.4
제8회 전국동시지방선거,전라북도,익산시,-65332.5,0.026958819138722574,0.03511764047757659,0.7676717106303423,-0.27326969972017384,20.8
제8회 전국동시지방선거,전라북도,임실군,-5371.0,0.031164656933216715,0.03511764047757659,0.8874359583786974,-0.2206111886962951,37.6
제8회 전국동시지방선거,전라북도,장수군,-3656.0,0.030699976829549596,0.03511764047757659,0.8742038591445865,-0.18864809081527348,34.4
제8회 전국동시지방선거,전라북도,전주시덕진구,-63011.0,0.03063186520347758,0.03511764047757659,0.8722643317405314,-0.26371717712841203,34.0
제8회 전국동시지방선거,전라북도,전주시완산구,-84594.0,0.02006967145596918,0.03511764047757659,0.5714982892653088,-0.2715628491082091,3.5999999999999996
제8회 전국동시지방선거,전라북도,정읍시,-22300.5,0.03310317521376644,0.03511764047757659,0.9426366567794773,-0.23900136109830988,43.2
제8회 전국동시지방선거,전라북도,진안군,-4791.0,0.03089343003839006,0.03511764047757659,0.87971257801663,-0.21167270478041883,36.4
제8회 전국동시지방선거,제주특별자치도,서귀포시,-29600.0,0.04206763909269632,0.03511764047757659,1.1979061953082373,-0.18977521894674754,78.0
제8회 전국동시지방선거,제주특별자치도,제주시,-74900.0,0.03434109368848064,0.03511764047757659,0.977887273218376,-0.18308034513944904,49.2
제8회 전국동시지방선거,충청남도,계룡시,-7239.5,0.036867559915336835,0.03511764047757659,1.0498302110837319,-0.207584229390681,64.8
제8회 전국동시지방선거,충청남도,공주시,-18463.5,0.04186592686256949,0.03511764047757659,1.1921622948814525,-0.2010245299247662,77.2
제8회 전국동시지방선거,충청남도,금산군,-5518.5,0.02994164531118512,0.03511764047757659,0.8526098252615674,-0.12332670346615415,31.6
제8회 전국동시지방선거,충청남도,논산시,-18743.0,0.03636233595308699,0.03511764047757659,1.0354435963972342,-0.18753877248804307,61.199999999999996
제8회 전국동시지방선거,충청남도,당진시,-32615.0,0.031867386028668565,0.03511764047757659,0.9074466733895922,-0.232950974230044,38.800000000000004
제8회 전국동시지방선거,충청남도,보령시,-15708.0,0.04334984602351369,0.03511764047757659,1.2344179572996525,-0.1820921821385514,82.39999999999999
제8회 전국동시지방선거,충청남도,부여군,-9416.0,0.024034827227732855,0.03511764047757659,0.6844089437922128,-0.16426502913366595,8.4
제8회 전국동시지방선거,충청남도,서산시,-32698.0,0.025977707804123108,0.03511764047757659,0.7397338616958182,-0.2198273543806809,16.400000000000002
제8회 전국동시지방선거,충청남도,서천군,-8077.0,0.01604414329527914,0.03511764047757659,0.45686848766287963,-0.17610762253619397,1.2
제8회 전국동시지방선거,충청남도,아산시,-57628.5,0.03147955379648059,0.03511764047757659,0.8964028724133958,-0.2144196602980299,38.4
제8회 전국동시지방선거,충청남도,예산군,-12716.5,0.030461946076456775,0.03511764047757659,0.867425762727636,-0.18411298846081456,32.800000000000004
제8회 전국동시지방선거,충청남도,천안시동남구,-59077.5,0.03976354666196149,0.03511764047757659,1.1322955107804415,-0.22924112079904077,70.8
제8회 전국동시지방선거,충청남도,천안시서북구,-63701.5,0.028033883412407302,0.03511764047757659,0.798284936891121,-0.21942351875389665,23.200000000000003
제8회 전국동시지방선거,충청남도,청양군,-4056.0,0.03373162074094076,0.03511764047757659,0.960532093905317,-0.14520979521695546,47.199999999999996
제8회 전국동시지방선거,충청남도,태안군,-9386.5,0.01681939986006341,0.03511764047757659,0.47894447438184184,-0.16932443402182737,1.6
제8회 전국동시지방선거,충청남도,홍성군,-16310.0,0.040780863809466994,0.03511764047757659,1.1612643462053354,-0.19356752907666747,74.4
제8회 전국동시지방선거,충청북도,괴산군,-6608.0,0.03281268477034432,0.03511764047757659,0.9343647330547724,-0.19057507065813,42.4
제8회 전국동시지방선거,충청북도,단양군,-4073.0,0.040036979533763055,0.03511764047757659,1.1400817079190606,-0.15853183870465515,72.8
제8회 전국동시지방선거,충청북도,보은군,-5664.5,0.04230604514627817,0.03511764047757659,1.2046949786757895,-0.19557711563028693,79.2
제8회 전국동시지방선거,충청북도,영동군,-7561.5,0.03078506372513741,0.03511764047757659,0.8766267695232649,-0.1838752036573207,35.199999999999996
제8회 전국동시지방선거,충청북도,옥천군,-7995.0,0.0412878322094783,0.03511764047757659,1.1757006350082524,-0.17891509645078996,76.0
제8회 전국동시지방선거,충청북도,음성군,-19631.5,0.026239655461408506,0.03511764047757659,0.7471930091135571,-0.24111693830678343,18.4
제8회 전국동시지방선거,충청북도,제천시,-23312.5,0.030933059670316163,0.03511764047757659,0.8808410602092593,-0.2017297924076045,36.8
제8회 전국동시지방선거,충청북도,증평군,-6470.0,0.012222787607861331,0.03511764047757659,0.3480526436753591,-0.20627430976216285,0.4
제8회 전국동시지방선거,충청북도,진천군,-16625.5,0.050453395119231526,0.03511764047757659,1.436696612673826,-0.23179505054025792,94.8
제8회 전국동시지방선거,충청북도,청주시상당구,-33343.0,0.024391783048349745,0.03511764047757659,0.6945735168034554,-0.20448552048964172,10.8
제8회 전국동시지방선거,충청북도,청주시서원구,-34378.5,0.03537547976593484,0.03511764047757659,1.0073421586658957,-0.20778408369748508,54.400000000000006
제8회 전국동시지방선거,충청북도,청주시청원구,-32343.5,0.028897144495223525,0.03511764047757659,0.8228669153804626,-0.20164905389818885,26.8
제8회 전국동시지방선거,충청북도,청주시흥덕구,-48521.0,0.02961964143381091,0.03511764047757659,0.8434405339027183,-0.21698163832965145,30.4
제8회 전국동시지방선거,충청북도,충주시,-39499.0,0.03496535753577547,0.03511764047757659,0.995663634010424,-0.218173482689291,52.0
